Cliente,1,2,3,4,5,6,7,8,9,10,11,12,13,14,15,16,17,18,19,20,Tipo cliente
1,1,6,4,3,9,5,5,4,3,1,4,1,7,3,2,2,3,1,2,1,1
2,2,8,2,3,1,1,3,2,2,1,2,1,2,3,2,1,3,1,1,1,2
3,4,2,4,6,6,1,4,2,3,1,3,1,9,3,2,1,2,2,1,1,1
4,1,2,2,2,2,1,4,2,3,3,4,2,5,3,3,1,3,2,1,1,1
5,1,4,3,0,0,1,3,3,3,1,4,4,3,3,3,2,3,2,1,1,2
6,4,6,2,6,5,5,3,2,3,1,4,4,5,3,3,1,2,2,2,1,1
7,4,4,2,2,5,3,5,3,3,1,4,2,3,3,2,1,3,1,1,1,1
8,2,6,2,1,8,1,3,2,3,1,2,3,5,3,1,1,4,1,2,1,1
9,4,2,2,3,9,4,4,2,1,1,4,1,1,3,2,1,2,1,1,1,1
10,2,0,4,0,4,1,1,4,4,1,2,3,8,3,2,2,4,1,1,1,2
11,2,2,2,0,5,1,2,3,2,1,1,3,5,3,1,1,3,1,1,1,2
12,1,8,2,9,8,1,2,3,2,1,4,2,4,3,1,1,3,1,1,1,2
13,2,2,2,3,7,1,3,1,2,1,1,3,2,3,2,1,3,1,2,1,1
14,1,4,4,0,9,1,5,4,3,1,4,3,0,3,2,2,2,1,1,1,2
15,1,5,2,0,3,1,3,2,2,1,4,3,8,3,1,1,3,1,1,1,1
16,1,4,2,3,2,2,3,4,2,1,2,3,2,3,2,1,2,1,1,1,2
17,4,4,4,3,4,5,5,4,3,1,4,2,3,3,2,2,3,1,1,1,1
18,1,0,0,9,2,5,2,2,3,1,3,3,5,1,2,3,3,1,1,1,1
19,2,4,2,1,9,1,5,4,2,1,2,4,4,3,3,1,4,1,2,1,2
20,4,4,2,3,0,3,5,3,3,1,2,3,1,3,2,1,3,2,2,1,1
21,4,9,4,0,4,1,3,4,3,1,4,3,8,3,2,3,3,1,2,1,1
22,1,6,2,3,7,3,3,2,3,1,3,1,4,3,1,1,3,2,1,1,1
23,1,0,4,0,1,1,2,1,3,1,3,1,8,3,1,2,2,2,1,2,1
24,2,2,4,1,4,2,2,3,3,1,4,2,4,3,2,1,3,1,1,1,1
25,4,0,4,2,9,5,3,2,4,1,1,3,6,3,2,2,3,1,1,2,1
26,1,6,2,2,4,1,3,1,3,1,2,1,6,1,2,1,2,1,2,1,1
27,4,6,0,3,6,1,5,4,4,1,4,3,9,3,2,1,2,1,1,1,1
28,3,2,1,3,9,4,3,3,2,1,3,1,2,3,1,2,3,1,1,1,1
29,2,7,2,3,5,1,3,3,3,3,2,1,4,3,2,1,3,1,1,1,1
30,1,0,3,9,6,1,5,3,3,1,4,4,3,3,2,2,3,1,2,1,2
31,2,8,2,9,3,4,2,3,4,1,3,1,6,1,2,1,3,1,2,1,1
32,1,4,2,2,0,1,3,2,3,1,2,3,7,2,2,1,3,1,1,1,1
33,2,8,2,0,6,2,3,2,3,1,2,3,0,3,2,2,3,1,2,1,1
34,4,2,4,9,4,5,5,4,3,1,4,4,7,3,1,1,2,1,1,1,1
35,3,2,2,2,4,1,2,4,2,1,1,2,3,1,2,1,4,1,2,1,1
36,2,5,4,3,6,1,2,4,3,1,2,2,5,3,2,2,2,1,1,1,2
37,4,8,4,6,0,1,3,1,3,1,3,4,1,1,3,1,3,1,2,1,1
38,3,8,2,3,0,1,3,4,3,2,2,1,7,2,2,1,3,1,1,1,2
39,3,0,2,4,5,1,3,2,3,1,2,3,7,3,2,1,3,1,2,1,1
40,2,9,2,3,8,1,3,4,3,1,3,1,4,3,2,1,3,1,1,1,1
41,4,0,2,3,3,3,5,4,3,1,2,3,0,1,2,1,4,1,1,1,1
42,2,2,2,3,8,3,3,3,1,1,1,3,6,3,2,1,3,1,2,1,1
43,2,8,3,5,4,1,3,2,3,1,4,1,4,3,2,1,2,2,2,1,1
44,1,0,4,1,7,2,4,1,4,1,4,3,4,3,1,2,3,1,1,1,1
45,1,8,4,1,3,1,5,4,2,1,4,4,8,2,3,2,2,1,1,1,2
46,4,1,4,0,3,1,2,4,2,1,4,3,5,3,2,2,4,1,1,1,1
47,4,6,2,3,9,3,5,4,3,1,4,3,9,3,2,1,3,1,1,1,1
48,1,6,2,1,2,3,1,1,2,1,2,2,3,3,1,1,1,1,2,1,1
49,4,1,4,0,8,1,3,1,3,1,4,2,9,3,2,2,2,1,1,1,1
50,4,2,2,3,3,2,3,4,2,2,2,1,8,3,2,1,3,1,1,1,1
51,2,4,3,2,3,5,2,4,3,1,2,2,9,1,2,1,2,1,1,1,1
52,2,7,3,1,5,1,5,1,3,1,2,3,0,3,2,2,4,1,2,1,1
53,4,2,2,3,2,1,3,3,3,1,2,3,5,3,2,1,3,1,1,1,1
54,4,8,2,1,8,5,3,2,3,1,1,2,1,3,2,1,3,1,2,1,1
55,2,6,3,0,5,1,5,4,3,1,4,4,7,1,3,2,3,1,2,1,2
56,4,6,1,0,3,5,3,1,3,3,2,1,6,2,2,1,2,2,1,1,1
57,2,2,2,3,8,5,1,2,3,1,1,4,2,3,2,1,4,1,2,1,2
58,4,6,4,3,6,1,3,2,2,1,2,3,1,2,2,2,3,1,1,1,1
59,3,8,2,0,1,1,5,3,2,1,2,3,3,3,2,1,4,1,1,1,1
60,1,6,4,2,9,1,2,4,2,2,4,4,3,3,1,2,2,1,2,1,2
61,2,9,2,9,1,1,3,2,4,1,1,1,7,1,2,1,3,1,2,1,1
62,2,5,4,3,7,5,5,4,3,3,4,1,0,3,2,2,3,1,2,1,1
63,2,6,0,9,3,1,5,4,3,1,4,4,1,3,3,1,4,1,2,1,2
64,2,8,0,9,1,1,3,2,3,1,2,3,5,3,2,1,3,1,2,1,2
65,4,4,2,3,1,1,2,4,2,1,4,2,6,3,2,1,3,1,2,1,1
66,4,7,2,5,0,5,5,4,3,1,4,2,8,3,2,4,3,2,2,1,1
67,4,2,2,3,1,1,2,2,2,1,2,3,9,1,2,1,3,1,1,1,1
68,2,2,2,0,7,4,3,4,4,1,1,1,2,3,2,1,3,1,1,1,1
69,4,6,2,6,9,1,3,4,3,1,4,4,7,2,3,1,3,1,2,1,2
70,4,6,2,3,4,5,3,4,2,1,4,3,5,3,2,1,3,1,1,1,1
71,4,6,2,1,3,1,3,1,2,1,2,2,0,1,2,1,3,1,1,1,1
72,4,7,4,3,0,5,5,4,3,1,2,2,6,3,1,2,2,1,2,1,1
73,1,8,4,0,4,1,5,3,3,1,4,4,1,1,3,2,4,2,2,1,1
74,2,2,4,9,4,1,4,2,2,1,1,1,1,1,2,2,2,1,1,1,1
75,1,6,2,6,7,5,5,4,3,1,4,4,0,3,2,1,4,1,2,1,2
76,1,2,4,1,6,1,5,4,3,1,4,4,6,3,3,2,4,1,1,1,1
77,1,2,2,3,5,1,2,4,3,1,3,3,4,3,2,1,3,1,1,1,2
78,2,1,3,3,1,1,4,2,3,1,4,2,1,3,2,1,3,1,1,1,1
79,4,4,0,1,6,5,3,2,3,1,2,2,9,3,2,1,2,2,1,1,1
80,2,0,2,2,2,1,2,2,4,1,1,2,2,3,2,1,3,1,1,1,1
81,4,4,2,3,3,5,2,1,2,1,1,3,4,3,2,2,3,1,2,1,2
82,4,5,2,3,3,3,5,4,3,1,3,2,7,2,2,1,3,1,2,1,1
83,4,8,2,9,8,2,3,3,2,1,4,2,4,3,1,1,2,1,1,1,1
84,1,4,2,0,5,1,5,4,2,3,4,1,8,3,2,1,2,1,2,1,1
85,1,0,2,3,5,1,5,3,3,1,4,1,2,3,2,1,2,1,1,1,1
86,4,2,4,9,2,1,3,4,2,3,2,1,9,3,2,2,4,1,2,1,1
87,2,8,4,2,5,1,2,4,2,1,1,2,7,3,2,2,3,1,1,1,1
88,2,6,2,6,2,2,3,1,3,1,4,4,7,3,3,1,3,2,2,1,2
89,1,8,2,0,9,2,4,4,3,1,3,3,0,3,2,1,4,2,2,1,1
90,1,2,0,5,8,1,4,4,3,1,3,1,8,3,2,2,3,1,1,1,2
91,4,2,4,3,8,1,5,4,3,1,4,1,6,3,2,1,3,1,1,1,1
92,1,2,4,1,9,1,5,4,3,1,3,1,4,3,2,1,3,1,1,1,1
93,4,2,4,3,7,5,5,4,2,1,3,2,3,1,2,1,2,2,1,1,2
94,3,4,4,2,7,5,5,4,3,2,4,4,0,3,1,2,3,1,1,1,1
95,2,2,2,0,8,4,5,4,3,1,4,1,4,3,2,1,3,1,2,1,1
96,2,4,0,9,5,1,2,3,3,1,4,4,8,3,1,1,3,1,2,1,2
97,4,2,4,6,2,5,4,4,2,1,2,3,1,3,2,1,3,1,1,1,1
98,2,8,2,9,2,2,3,4,3,1,4,3,4,3,2,1,3,1,1,1,1
99,2,6,4,3,7,1,5,4,3,1,4,1,6,3,2,1,3,1,1,1,1
100,2,0,3,1,7,5,4,3,3,1,4,2,6,1,1,2,4,2,2,1,1
101,4,4,2,0,9,2,5,4,4,1,4,1,1,3,1,1,2,1,1,1,1
102,2,6,2,3,3,1,4,4,3,1,4,3,4,3,1,1,3,1,1,1,1
103,4,6,3,3,2,1,3,3,2,1,2,1,4,3,2,1,3,1,1,1,1
104,2,9,4,2,9,1,4,4,3,1,3,3,5,3,1,1,3,1,2,1,1
105,4,2,2,1,5,5,2,2,4,1,4,3,6,3,1,1,3,1,2,1,1
106,2,4,4,0,8,1,3,2,3,2,3,3,9,3,2,2,4,2,2,1,2
107,4,8,1,0,8,1,5,2,3,1,4,4,9,1,2,2,4,2,2,1,2
108,2,2,2,0,8,1,4,2,3,1,2,3,2,3,2,1,3,1,1,1,1
109,1,4,2,2,1,5,2,1,2,1,2,2,0,3,2,1,3,1,2,2,1
110,2,4,2,9,0,3,5,1,4,1,2,1,5,3,2,1,3,1,2,1,1
111,2,6,3,9,9,2,5,1,1,1,2,3,1,1,2,2,3,2,1,1,1
112,3,5,2,6,2,1,2,4,2,1,4,2,3,3,1,1,3,1,2,1,1
113,2,8,2,0,0,1,4,3,3,1,3,1,8,3,1,1,2,1,1,1,1
114,4,6,4,0,5,1,3,4,2,1,2,1,5,2,2,2,3,1,2,1,2
115,1,2,2,3,0,3,5,3,4,1,1,1,5,3,2,1,3,1,1,1,1
116,4,8,4,3,8,5,5,4,3,1,1,1,7,3,2,1,3,1,2,1,1
117,1,2,2,3,4,5,4,4,2,1,3,3,0,3,2,1,4,1,2,1,2
118,1,0,4,2,2,5,2,2,2,2,3,1,7,3,1,2,3,1,1,2,1
119,1,3,4,2,1,3,3,1,2,1,4,3,3,3,2,2,3,1,1,1,2
120,2,2,4,0,6,3,4,3,1,1,3,3,6,3,2,1,4,1,2,1,1
121,1,1,2,3,5,1,3,3,2,1,2,1,5,3,2,2,3,1,2,1,2
122,4,4,4,1,8,1,5,4,2,1,2,3,1,3,1,2,4,1,2,1,1
123,4,2,2,2,8,1,3,3,3,1,2,1,4,3,1,1,2,1,1,1,1
124,3,0,4,0,1,1,5,4,3,1,4,4,3,3,3,2,3,1,2,1,1
125,2,8,2,2,4,5,2,4,2,1,3,1,7,3,1,1,3,1,1,1,2
126,1,2,4,0,1,1,3,4,3,1,2,2,0,3,2,2,3,1,1,1,1
127,1,2,2,3,1,1,3,4,4,1,2,1,0,3,2,1,2,1,1,1,1
128,2,2,2,5,9,1,3,4,3,1,2,3,0,3,2,1,3,1,1,1,2
129,2,2,4,1,0,1,1,4,3,1,2,3,4,3,2,2,4,1,2,1,1
130,1,2,4,0,9,1,3,3,2,2,2,1,9,3,2,2,3,1,1,1,2
131,2,8,2,0,7,5,4,1,2,1,2,3,4,3,2,1,3,1,1,1,1
132,1,6,3,6,7,1,3,4,3,1,3,2,9,2,2,1,3,1,2,1,2
133,4,5,2,2,8,1,2,2,3,1,3,2,7,1,2,2,2,1,1,1,1
134,4,8,2,2,4,1,3,4,3,1,4,4,7,1,3,2,3,1,1,1,1
135,4,0,2,3,4,2,4,2,2,1,4,1,1,3,2,1,3,1,2,1,1
136,4,2,4,3,0,5,5,4,2,1,2,1,8,3,2,2,3,1,2,1,1
137,4,7,3,1,3,4,3,2,3,1,2,3,7,3,2,2,3,1,1,1,1
138,2,2,2,3,6,3,3,4,3,1,3,1,6,3,2,1,2,1,1,1,2
139,2,5,4,3,8,5,4,4,3,3,2,1,5,1,2,3,3,1,2,1,1
140,3,2,2,3,1,1,3,2,2,1,2,3,4,3,1,1,2,1,2,1,1
141,3,6,2,0,9,4,2,2,4,1,2,1,7,3,2,1,1,1,1,2,1
142,2,6,2,3,5,1,2,4,2,1,1,4,0,3,2,1,4,1,2,1,1
143,1,7,2,3,6,1,3,3,3,1,2,3,7,3,2,1,4,1,1,1,1
144,1,8,2,2,2,1,3,2,3,1,2,3,2,3,2,1,3,1,1,1,2
145,4,1,4,2,8,1,2,4,2,1,4,2,3,3,2,1,3,1,2,1,1
146,2,8,1,9,6,2,4,4,3,1,2,3,0,3,2,1,3,1,1,1,1
147,1,6,4,0,0,1,5,1,2,1,4,4,9,3,2,2,3,1,2,1,1
148,4,2,4,0,2,2,4,4,2,1,3,3,1,3,2,2,3,1,2,1,1
149,1,6,4,2,1,1,3,3,3,3,2,2,8,3,2,2,3,1,1,1,1
150,4,8,4,3,2,4,5,4,3,1,4,3,6,3,2,2,3,1,1,1,1
151,4,6,2,3,6,2,5,2,3,1,4,4,2,1,3,1,3,2,2,1,1
152,4,0,2,3,4,1,3,1,3,1,4,2,8,3,2,1,3,1,2,2,1
153,3,6,2,3,8,1,3,4,3,1,1,3,4,3,2,1,3,1,1,1,1
154,2,4,4,1,8,4,5,2,2,1,4,4,9,3,1,1,3,1,1,1,1
155,2,4,3,9,7,2,4,4,3,1,4,3,6,3,1,1,4,1,2,1,1
156,1,2,2,2,2,1,3,2,2,1,4,3,0,3,1,1,3,1,1,1,2
157,1,9,4,5,8,2,5,3,3,3,4,1,8,3,2,2,3,2,1,2,1
158,1,2,1,8,9,1,5,4,4,1,1,3,5,1,2,1,2,1,1,1,1
159,2,4,2,0,2,2,4,2,3,1,3,3,8,1,2,2,3,1,2,1,1
160,4,6,4,3,8,5,3,1,3,1,2,1,4,3,2,2,2,2,1,1,1
161,4,4,4,3,2,2,5,3,3,1,4,1,6,3,2,1,3,2,2,1,1
162,4,8,4,0,5,1,2,4,2,1,1,2,0,3,2,2,3,1,1,1,1
163,4,5,2,4,2,3,4,4,3,1,3,2,6,3,2,2,3,1,2,1,1
164,2,0,2,0,8,1,1,2,3,1,4,4,0,1,3,1,4,1,2,1,1
165,4,6,2,0,9,3,5,4,3,1,4,2,6,3,2,1,3,1,1,1,1
166,4,6,2,2,8,3,3,1,3,1,2,3,2,3,2,1,3,1,2,1,1
167,1,8,2,2,1,1,1,4,2,1,2,3,3,3,2,1,3,1,1,1,2
168,2,1,2,2,7,4,2,4,2,1,1,1,0,3,2,1,3,1,1,1,1
169,4,4,2,2,2,1,4,2,2,1,4,2,5,3,1,1,3,1,2,1,1
170,2,4,4,9,5,1,5,4,1,1,4,1,1,3,2,2,3,1,2,1,2
171,1,5,0,0,0,1,5,4,3,1,3,3,3,3,1,2,3,2,1,1,2
172,4,2,2,2,3,1,3,4,2,1,1,1,6,3,2,1,3,1,2,1,1
173,2,4,3,2,4,1,1,3,2,1,2,2,4,3,2,1,4,1,2,1,2
174,2,8,2,3,4,1,3,4,3,3,2,1,3,3,2,1,3,1,1,2,1
175,1,1,3,6,4,1,2,2,3,1,1,2,6,3,2,2,3,1,1,1,2
176,4,0,1,1,5,5,1,4,2,1,1,1,3,1,2,1,4,1,2,1,2
177,1,2,2,2,7,1,3,2,1,1,1,3,2,3,2,1,3,1,1,1,1
178,1,6,4,3,8,3,5,4,3,1,4,3,2,3,2,2,3,1,1,1,1
179,4,2,2,3,3,1,4,4,3,1,2,3,1,3,1,2,4,2,2,1,1
180,1,1,4,0,1,1,5,4,3,1,4,1,5,3,2,2,3,1,1,1,1
181,4,6,3,9,2,1,2,1,1,1,1,3,8,3,2,2,3,1,1,1,2
182,2,6,3,9,5,1,3,2,1,1,2,1,0,2,2,2,4,1,2,1,2
183,1,1,1,0,7,5,3,4,3,1,2,2,0,3,2,2,2,2,1,1,2
184,4,4,4,2,7,4,3,4,3,1,4,1,0,3,2,1,3,1,2,1,1
185,2,8,4,0,4,1,5,4,3,1,4,3,6,1,2,1,3,2,2,1,2
186,4,5,4,3,0,1,3,4,3,1,2,2,1,3,2,2,3,1,1,1,1
187,2,9,1,1,9,1,5,2,2,1,4,4,4,1,3,1,4,2,2,1,2
188,2,6,4,0,5,1,1,2,3,1,3,3,8,3,3,3,1,1,2,1,1
189,1,2,2,3,4,2,4,4,4,1,1,2,0,3,2,1,3,1,1,1,2
190,2,8,0,2,4,1,3,1,2,1,4,3,3,1,2,2,3,1,2,1,1
191,4,4,2,9,1,4,3,2,3,1,3,2,4,3,2,3,4,1,2,1,2
192,2,8,0,9,4,2,4,4,3,1,4,4,4,3,3,1,2,2,1,1,2
193,2,7,2,9,5,1,3,4,3,1,2,3,6,3,2,1,3,2,2,1,2
194,4,6,2,3,8,1,4,2,4,1,2,1,9,3,1,1,3,1,1,1,1
195,2,5,2,3,1,2,3,4,3,3,4,2,1,3,1,1,3,1,1,1,2
196,2,9,4,6,1,1,5,2,2,1,3,3,4,3,2,2,4,1,2,1,2
197,4,6,4,3,2,1,3,1,2,1,1,3,8,3,2,2,3,1,2,1,1
198,2,2,2,2,1,2,2,4,2,1,4,3,7,1,1,4,3,1,1,1,2
199,2,4,2,1,0,5,5,4,3,1,4,4,6,1,3,1,3,1,2,1,1
200,2,8,3,2,7,1,5,4,1,1,3,4,0,3,2,1,4,1,2,1,2
201,4,9,4,6,6,3,5,4,3,1,2,3,2,3,2,2,3,1,2,1,1
202,1,2,2,0,8,1,3,4,4,1,3,1,7,3,2,1,2,1,1,1,1
203,4,7,3,9,7,1,4,3,3,1,4,3,6,3,2,2,3,1,1,1,1
204,1,2,2,8,2,1,4,4,4,1,4,2,1,3,1,1,3,1,1,1,2
205,4,2,4,0,5,1,5,4,3,1,1,1,8,3,2,2,2,2,1,1,1
206,1,0,4,1,3,1,5,3,3,1,4,4,8,3,3,3,4,2,2,1,1
207,4,2,4,2,5,1,5,4,3,1,4,1,3,3,2,3,3,1,2,1,1
208,2,2,4,4,4,1,4,4,3,1,3,2,6,3,2,1,3,1,1,1,1
209,1,4,2,9,8,1,3,2,4,1,2,3,1,2,2,1,2,1,1,1,1
210,4,2,2,1,3,4,4,3,3,1,2,2,5,3,2,1,3,1,1,2,1
211,4,9,4,3,4,5,3,1,3,1,2,1,3,3,2,2,3,2,1,1,1
212,4,6,2,3,5,5,5,2,2,1,4,1,5,3,2,1,2,1,2,1,1
213,1,7,0,9,3,1,1,2,3,1,4,2,0,2,2,2,3,1,2,1,2
214,3,0,3,9,8,1,5,4,3,1,4,1,6,3,2,1,4,1,2,1,2
215,4,6,4,3,2,5,5,4,3,1,2,3,1,3,2,1,3,1,2,1,1
216,2,6,4,8,2,5,4,1,2,1,3,2,9,3,2,2,2,1,1,1,1
217,1,8,0,9,4,1,4,3,3,1,1,2,1,1,2,1,3,1,2,1,1
218,3,6,2,3,3,1,3,2,3,1,2,1,3,3,2,1,3,1,2,1,1
219,1,4,2,2,1,1,3,2,1,1,2,1,4,3,1,1,2,1,1,1,1
220,4,0,2,0,4,1,3,2,2,1,4,3,4,3,2,1,3,1,2,1,1
221,2,2,2,3,5,1,2,4,4,3,1,1,6,1,2,1,2,1,1,1,1
222,1,2,2,6,0,5,3,4,2,1,4,2,3,1,1,1,3,1,2,1,1
223,4,2,2,3,7,1,3,4,3,1,2,1,0,1,2,2,3,1,1,1,1
224,4,4,3,9,8,5,3,4,3,1,4,1,2,3,2,2,3,2,2,1,1
225,4,5,2,1,7,1,3,3,3,1,2,3,0,3,2,1,3,1,2,1,1
226,4,6,0,5,3,1,3,4,3,1,2,3,7,3,2,2,3,1,1,1,1
227,2,8,2,3,1,4,4,1,3,2,2,4,7,1,2,2,3,1,2,1,2
228,1,2,2,2,5,1,5,4,3,1,4,4,3,3,3,1,4,1,2,1,2
229,4,9,2,3,8,1,4,4,3,1,2,3,2,3,2,1,3,1,1,1,2
230,1,4,2,2,9,1,2,4,3,1,1,4,2,1,3,1,3,1,1,1,1
231,3,6,2,3,0,1,3,4,3,1,2,3,6,3,2,1,3,1,1,1,2
232,4,9,2,0,7,3,5,2,3,1,4,4,1,3,3,1,2,1,1,1,1
233,4,2,2,3,1,2,4,3,3,1,1,4,5,3,2,1,3,1,1,1,1
234,2,8,2,3,6,1,3,4,4,3,2,1,5,3,2,1,2,1,1,1,1
235,4,4,4,3,4,1,4,2,3,1,1,1,2,3,2,3,2,2,1,1,1
236,1,4,2,3,3,1,1,4,3,1,2,3,0,2,2,1,4,2,1,1,2
237,2,6,2,0,5,5,1,1,3,1,2,2,3,3,2,1,1,1,2,1,2
238,2,1,2,9,7,2,5,4,1,1,2,3,1,1,1,2,2,1,1,1,2
239,4,2,4,3,1,1,3,4,2,1,2,2,5,3,2,2,3,1,1,1,1
240,1,0,2,3,2,1,5,1,3,3,3,2,9,3,2,1,3,2,1,1,1
241,1,4,2,0,5,5,5,4,2,1,2,3,9,1,2,1,3,1,1,1,2
242,4,6,2,3,5,1,4,3,3,1,2,2,1,3,2,1,3,2,1,1,1
243,1,8,0,1,5,1,5,3,3,1,4,4,4,3,3,2,3,2,1,1,2
244,4,2,4,9,5,1,3,3,2,1,2,1,7,3,2,2,3,1,1,1,1
245,4,2,1,8,7,3,3,4,2,1,3,1,5,3,2,1,2,2,1,1,1
246,4,4,2,9,8,1,4,4,3,1,1,1,5,3,2,1,3,1,2,1,1
247,4,2,4,3,7,1,5,4,3,1,4,1,2,3,2,3,3,1,1,1,1
248,4,6,0,0,4,2,3,4,3,1,1,4,5,1,1,1,3,1,1,2,1
249,3,4,2,2,5,1,3,2,3,1,2,1,6,3,2,1,3,1,1,1,1
250,4,8,2,3,3,1,1,3,2,2,4,1,2,3,1,1,3,1,1,1,2
251,1,6,4,0,6,4,4,3,2,1,4,1,9,3,2,2,2,1,2,1,1
252,3,2,2,2,1,1,3,1,2,1,2,3,6,3,2,1,2,1,1,1,1
253,2,0,2,0,0,1,3,4,2,3,2,4,4,1,2,1,3,1,1,1,2
254,4,4,3,2,1,2,3,2,3,1,3,2,5,3,2,2,3,1,1,1,1
255,2,9,2,2,0,5,4,2,3,1,1,3,4,3,2,1,3,1,2,1,1
256,2,0,3,3,8,5,3,1,3,1,1,1,7,3,2,1,2,1,1,1,1
257,4,4,4,3,4,1,3,4,3,1,2,1,5,3,2,2,2,1,1,1,1
258,1,2,1,3,9,1,3,4,1,1,1,4,9,3,3,1,3,1,1,1,2
259,4,5,2,1,2,2,2,1,2,1,4,3,3,3,2,1,3,1,2,1,1
260,4,1,4,3,4,2,1,4,2,1,4,1,7,3,2,3,2,1,1,1,1
261,1,2,2,2,7,1,3,2,3,1,2,1,7,3,2,1,3,1,1,1,1
262,1,4,2,3,3,1,5,4,2,1,4,3,5,3,2,1,3,1,1,1,1
263,1,8,4,0,2,1,5,2,3,1,4,4,6,3,3,3,4,1,2,1,1
264,4,2,4,6,8,1,5,2,2,1,4,4,7,1,3,3,2,1,1,1,1
265,4,0,4,0,1,1,5,3,3,1,4,1,2,3,2,2,2,2,1,2,1
266,2,5,2,3,2,1,5,4,3,1,3,3,7,3,2,1,3,2,1,1,2
267,4,6,4,9,4,5,5,4,3,1,4,1,6,3,2,2,3,1,1,1,1
268,4,4,2,3,3,1,2,4,2,1,3,3,8,2,2,1,3,1,2,1,1
269,1,4,2,0,8,1,5,1,1,1,4,2,5,3,2,1,4,1,2,2,2
270,4,4,2,3,9,5,5,4,3,1,2,3,5,3,2,2,3,1,1,1,1
271,4,8,2,0,2,5,4,4,3,1,3,2,2,3,2,1,3,1,1,2,1
272,4,2,4,2,2,3,4,3,2,1,4,3,7,3,1,1,3,1,2,1,1
273,2,8,1,0,9,5,1,4,3,2,4,4,6,3,3,1,4,1,2,1,1
274,2,8,2,3,0,1,4,4,3,1,4,1,8,3,2,2,3,1,1,1,2
275,1,0,2,5,8,1,2,1,1,1,1,4,4,3,2,1,2,1,2,1,2
276,4,9,2,3,7,1,3,1,3,1,2,1,2,3,2,1,3,2,1,1,1
277,4,8,4,3,4,1,3,2,2,1,2,3,6,3,2,2,3,1,1,1,1
278,1,2,2,2,2,5,5,2,1,1,4,2,9,3,2,1,2,1,2,1,1
279,4,6,2,2,1,1,2,1,2,1,4,2,2,3,2,1,3,1,1,1,2
280,4,4,2,3,1,2,3,4,3,1,4,3,9,3,1,1,4,1,2,1,1
281,4,5,4,1,8,4,5,3,3,1,4,4,3,3,1,2,3,1,2,1,1
282,4,2,2,2,4,1,3,4,3,1,2,1,0,3,2,1,3,1,1,1,1
283,3,8,1,3,5,5,4,4,3,1,4,3,9,1,2,1,2,1,1,1,1
284,4,5,4,2,0,5,5,4,3,1,4,2,3,3,2,1,3,1,1,1,1
285,2,4,4,0,8,2,2,4,1,1,2,3,7,3,2,1,3,1,2,1,1
286,1,7,2,0,2,1,2,1,2,1,1,1,5,3,2,1,2,1,2,1,1
287,1,8,2,1,8,1,4,4,3,1,3,2,6,3,2,1,3,2,1,1,1
288,2,8,3,0,2,2,1,2,3,1,4,4,1,3,3,1,4,1,2,1,1
289,2,2,2,3,2,1,3,4,2,3,4,1,9,3,2,2,3,1,2,1,1
290,1,4,3,3,4,1,2,4,4,1,4,1,8,2,2,1,3,1,1,1,2
291,4,2,2,9,6,1,3,2,4,1,2,1,6,3,2,1,3,1,2,2,1
292,2,6,2,1,8,1,2,1,4,1,4,3,8,3,1,1,4,1,2,1,2
293,1,4,4,1,9,1,5,2,2,1,4,4,4,3,3,2,4,2,2,1,1
294,3,2,4,1,6,1,5,4,3,1,4,4,6,3,3,1,3,1,1,1,1
295,4,8,4,9,9,5,5,4,1,1,2,3,6,1,2,2,4,2,1,1,1
296,2,8,2,2,0,1,2,1,2,1,2,3,6,3,2,1,3,1,2,1,2
297,4,2,2,1,5,5,2,1,2,1,4,3,0,3,1,1,3,1,1,1,1
298,4,0,2,0,7,5,5,4,3,2,2,2,5,3,2,1,2,1,1,2,1
299,4,8,2,2,5,1,3,3,3,1,4,1,3,3,2,1,3,1,2,1,1
300,2,1,4,2,5,4,4,3,3,1,2,3,2,3,2,2,3,1,2,1,1
301,4,6,2,0,2,1,1,1,2,1,4,1,4,3,2,1,1,1,2,1,1
302,2,6,0,3,4,1,3,4,2,1,1,3,2,3,2,1,3,1,2,1,2
303,3,4,4,0,4,5,4,4,3,1,2,1,7,1,2,2,2,2,1,1,2
304,1,0,4,0,8,1,4,4,3,2,3,2,9,3,2,2,3,1,2,1,1
305,4,8,4,0,7,3,3,2,3,1,2,4,4,1,3,1,3,1,1,1,2
306,4,6,2,2,3,4,3,4,1,1,2,1,3,3,2,1,3,1,1,1,1
307,4,0,2,1,1,5,4,2,2,1,4,2,4,2,1,1,2,1,1,1,1
308,1,2,2,3,7,2,2,4,4,1,3,4,3,3,2,1,2,1,2,1,2
309,2,8,2,2,7,1,3,3,2,1,4,1,4,3,2,1,3,1,1,1,2
310,2,9,2,0,6,1,3,4,4,1,4,1,2,3,1,1,2,1,1,1,1
311,2,8,2,0,1,5,1,3,3,1,4,4,0,1,3,1,1,1,2,1,1
312,4,4,2,2,1,2,3,4,3,1,1,3,5,2,2,1,3,1,1,1,1
313,3,4,2,2,9,1,2,2,2,1,4,3,6,3,2,1,3,1,1,1,1
314,2,2,2,0,5,1,4,2,4,1,3,3,5,1,2,1,2,1,1,1,2
315,3,4,2,0,4,5,2,1,3,1,2,1,9,3,2,1,2,2,1,2,1
316,1,6,1,2,6,1,5,4,3,1,4,3,1,1,2,1,3,1,1,1,2
317,1,2,2,2,8,1,3,2,3,3,3,2,8,3,2,1,2,2,1,1,1
318,2,4,2,2,1,5,3,1,2,1,4,2,8,3,2,1,2,1,2,1,1
319,4,2,4,6,1,1,3,4,3,1,2,3,2,3,2,2,3,1,1,1,1
320,1,5,3,2,3,1,5,1,2,1,4,2,7,3,2,2,2,1,1,1,1
321,2,0,4,0,9,1,1,4,4,1,2,3,8,3,2,2,4,1,1,1,2
322,1,4,2,3,8,1,2,4,1,1,3,2,2,3,2,1,3,1,1,1,2
323,1,4,2,1,0,1,4,2,3,1,1,4,4,3,3,1,4,1,2,1,1
324,1,8,2,2,9,4,3,4,3,1,2,3,8,3,2,1,3,1,1,1,1
325,4,8,4,0,8,1,3,4,2,1,3,1,6,3,2,2,3,1,1,1,1
326,1,8,4,0,8,1,4,1,3,1,4,1,9,3,2,2,2,1,1,2,1
327,4,2,4,2,1,5,5,2,3,1,4,2,9,3,1,1,3,1,2,1,1
328,4,4,2,0,5,4,4,4,2,1,3,3,4,3,2,1,3,2,2,1,1
329,3,6,2,3,3,1,5,4,3,1,2,3,1,3,2,1,3,1,1,1,1
330,2,6,2,3,8,1,5,4,3,1,4,3,8,3,2,1,3,2,1,1,1
331,1,4,4,1,5,1,1,2,3,1,4,4,5,3,3,2,4,1,2,1,1
332,4,8,4,6,4,2,3,4,2,1,2,1,0,3,2,2,3,1,1,1,2
333,2,0,2,0,8,2,2,4,2,1,2,2,4,3,2,1,4,1,1,1,2
334,4,8,4,1,0,2,3,2,2,1,4,3,4,1,1,2,2,1,1,1,2
335,1,4,0,2,0,1,5,3,3,1,4,4,3,1,1,2,3,2,1,1,2
336,1,6,4,2,4,1,3,1,1,1,4,1,4,3,1,1,4,1,2,1,2
337,2,3,2,3,1,1,2,2,2,3,4,2,3,3,2,1,2,1,1,1,1
338,1,5,2,4,5,5,3,4,2,1,2,3,4,3,1,1,3,1,1,1,2
339,1,4,2,2,9,1,3,4,3,1,4,2,8,3,2,1,3,1,1,1,1
340,2,0,2,2,1,1,3,4,1,1,2,3,1,3,2,1,2,1,1,1,1
341,2,4,4,6,3,1,2,2,2,1,4,4,4,3,3,2,3,1,2,1,1
342,1,1,2,2,9,1,4,1,2,1,4,3,6,3,1,1,2,1,1,1,1
343,2,8,2,3,3,3,2,1,4,1,3,1,5,3,1,1,3,1,1,1,1
344,2,8,2,9,9,1,5,1,3,2,1,1,3,1,2,1,4,1,2,1,1
345,3,0,2,0,9,1,2,1,3,3,1,2,7,3,2,1,2,2,1,1,1
346,4,5,4,3,9,1,3,4,2,1,2,3,3,3,2,1,2,1,1,1,1
347,2,3,4,3,2,1,2,4,3,3,4,1,3,3,2,2,3,1,1,1,1
348,2,4,2,3,8,3,1,1,2,1,4,4,3,3,1,1,1,1,1,1,1
349,4,6,3,9,3,2,3,1,3,1,2,1,4,3,2,2,2,1,1,1,1
350,2,9,4,6,6,4,5,4,3,1,3,4,2,3,3,2,3,2,1,1,2
351,4,9,2,4,6,1,2,1,2,1,4,1,3,3,1,1,3,1,2,1,1
352,2,9,2,2,9,1,3,1,2,1,2,3,9,3,2,1,3,1,1,2,2
353,4,8,4,1,9,5,1,2,3,1,4,4,8,3,2,1,4,1,2,1,1
354,1,2,0,3,9,1,3,4,3,1,2,2,8,3,1,2,3,1,2,1,2
355,4,0,2,6,7,3,5,4,3,1,4,4,6,3,3,1,3,1,2,1,1
356,2,4,2,0,6,1,2,4,3,1,2,1,3,2,2,1,2,1,1,1,2
357,4,2,4,3,1,5,5,1,3,2,4,1,9,3,2,1,3,1,2,1,1
358,4,6,3,3,3,1,3,4,3,1,2,3,6,3,2,2,4,1,2,1,2
359,4,2,2,3,6,1,3,4,4,1,2,1,8,3,2,1,3,1,1,1,1
360,1,0,2,2,6,1,4,4,2,1,4,1,3,3,1,1,3,1,1,1,2
361,2,8,2,6,9,5,3,4,3,1,4,4,1,3,3,1,3,1,1,1,1
362,3,2,2,3,9,5,5,2,3,1,3,3,7,3,2,1,4,1,1,1,1
363,3,2,3,0,7,1,3,2,2,1,2,3,6,2,2,2,3,1,2,1,1
364,4,6,2,2,6,1,3,1,4,1,2,2,1,3,1,1,3,1,1,1,1
365,1,8,2,2,3,1,1,4,3,1,1,3,5,3,2,1,1,1,1,1,2
366,4,2,2,9,2,1,4,2,3,1,4,3,6,3,2,1,3,1,2,1,1
367,4,8,4,1,0,1,4,3,3,1,1,3,7,3,2,2,3,1,1,1,1
368,1,8,2,2,0,1,2,1,2,1,4,3,2,3,1,1,3,1,1,1,1
369,1,6,2,2,6,1,5,4,3,1,2,3,2,3,2,1,3,2,1,1,2
370,2,8,2,2,1,1,4,2,2,1,4,1,0,3,1,1,3,1,1,1,1
371,4,6,2,0,9,5,3,4,3,1,4,1,6,3,2,1,3,1,1,1,1
372,4,8,4,3,0,1,5,3,3,1,4,3,3,3,2,2,3,1,2,1,1
373,4,0,4,2,6,1,2,1,2,1,3,1,3,3,1,2,3,1,1,1,1
374,4,0,4,0,6,5,5,2,3,1,4,4,3,1,3,1,4,1,2,1,1
375,2,0,1,0,2,2,5,3,2,1,4,4,0,1,3,2,4,1,2,1,2
376,1,8,1,9,5,1,4,2,2,3,4,3,7,3,1,1,3,1,1,1,2
377,4,8,3,3,0,1,1,2,4,1,3,1,4,3,2,2,3,1,1,1,1
378,4,7,3,3,6,5,5,3,3,1,4,4,6,3,3,1,3,1,1,1,1
379,2,6,2,0,8,1,5,4,3,1,2,4,7,3,3,1,4,1,2,1,2
380,4,6,4,0,2,2,3,4,2,1,4,3,2,3,2,2,2,1,1,1,1
381,1,0,2,2,2,5,4,4,3,1,4,3,9,3,2,1,3,1,2,1,1
382,2,8,2,1,6,1,1,3,2,1,4,4,8,3,3,1,4,1,2,1,2
383,4,2,2,0,3,5,4,4,2,1,4,2,5,3,1,1,3,1,1,1,1
384,3,2,2,0,0,1,2,4,3,1,1,1,6,3,2,1,3,1,1,1,1
385,4,0,3,9,2,2,3,2,3,1,2,2,6,3,2,2,2,1,1,1,1
386,4,8,4,3,8,1,3,2,2,1,1,3,5,3,2,2,3,1,1,1,1
387,4,8,2,3,6,5,2,4,2,1,2,1,1,3,1,1,3,1,2,1,1
388,2,8,4,2,4,1,1,4,3,1,4,2,0,2,2,2,4,1,2,1,1
389,2,5,4,9,6,3,3,2,3,1,4,3,7,1,2,1,3,1,1,1,1
390,4,9,2,9,9,1,4,3,2,1,2,3,7,3,2,2,3,1,1,1,1
391,4,8,2,0,0,1,3,2,4,1,2,2,0,3,2,1,4,1,2,1,1
392,2,2,2,2,3,4,2,1,2,1,4,1,9,3,1,1,2,1,1,1,1
393,1,6,2,0,9,1,4,2,3,1,4,4,9,1,3,1,4,2,2,1,1
394,1,6,4,3,7,1,4,1,2,1,4,3,1,3,2,1,3,1,1,1,1
395,4,9,4,2,6,1,1,2,3,1,3,3,1,3,2,1,4,1,1,1,1
396,2,9,3,6,0,2,4,2,3,1,3,4,2,3,1,1,3,1,2,1,1
397,1,2,2,2,8,1,1,3,2,1,4,4,5,3,3,1,4,1,1,1,1
398,1,6,4,2,8,1,3,3,4,1,2,2,6,3,2,2,3,1,2,1,1
399,2,2,2,0,3,1,5,1,1,1,1,1,6,3,1,2,3,1,1,1,2
400,4,4,4,3,6,4,3,4,2,1,1,1,3,3,2,2,2,1,1,1,1
401,4,8,2,3,3,1,2,3,4,1,4,1,9,3,2,1,3,1,2,1,1
402,2,8,4,9,7,5,3,4,4,1,4,1,8,1,2,2,3,1,1,1,1
403,4,4,3,9,8,1,2,2,3,1,2,3,7,1,2,2,3,1,2,1,2
404,4,4,3,0,2,1,3,4,3,1,2,3,7,3,2,2,2,1,1,1,1
405,2,8,3,0,9,5,5,4,3,1,4,3,3,3,2,1,3,2,1,1,1
406,2,4,2,3,9,1,2,1,4,1,1,2,2,3,2,1,3,1,2,1,2
407,4,4,4,1,7,5,4,4,3,1,4,3,3,3,2,2,3,2,2,1,1
408,1,5,2,3,3,1,2,4,4,1,2,1,7,3,2,1,3,1,1,2,1
409,4,4,2,3,5,3,5,3,1,1,2,3,6,3,2,1,4,1,2,1,1
410,3,2,4,0,9,3,4,4,4,1,2,1,8,3,2,3,3,1,2,1,2
411,2,4,2,3,7,1,5,4,2,1,4,3,0,3,2,1,3,1,2,1,1
412,4,3,4,1,3,1,4,3,3,1,2,3,5,3,2,2,4,1,2,1,1
413,4,2,4,9,2,1,1,4,3,1,2,3,2,2,2,2,4,1,2,1,2
414,4,0,2,0,7,3,3,3,3,1,2,4,0,3,1,1,2,2,1,2,1
415,1,4,2,0,1,5,3,4,2,1,2,2,5,3,2,1,3,1,1,1,2
416,4,6,4,1,2,1,5,2,3,1,2,2,5,3,2,2,3,2,2,1,1
417,1,2,2,0,9,1,2,4,3,1,1,1,3,3,2,1,2,2,1,1,2
418,1,8,3,6,1,5,3,1,2,1,2,3,3,3,1,2,3,1,2,1,1
419,4,1,2,0,2,3,4,1,2,1,2,3,1,1,2,1,4,1,1,1,1
420,2,8,2,0,2,5,3,4,2,1,2,2,3,3,2,1,3,1,1,1,2
421,4,5,2,0,6,4,4,2,2,1,3,3,0,3,1,1,3,1,1,1,1
422,2,2,2,1,8,5,3,4,3,1,2,3,0,3,2,1,3,1,1,1,1
423,2,2,4,0,8,1,4,2,3,1,3,1,7,3,2,2,2,2,1,1,1
424,4,1,3,2,1,2,4,4,3,1,3,1,4,3,2,2,4,1,1,1,1
425,2,2,2,2,2,5,5,1,2,1,2,2,5,1,2,1,3,1,2,1,2
426,2,8,2,1,9,1,3,1,4,1,3,3,1,3,1,1,3,1,2,1,1
427,4,8,4,3,3,1,5,4,3,1,2,3,9,3,2,2,3,1,1,1,1
428,4,8,4,3,9,4,3,4,3,1,3,1,6,3,2,2,3,1,1,1,1
429,4,9,2,2,3,1,5,1,3,1,4,3,0,3,2,1,3,1,1,1,1
430,1,8,4,5,0,1,1,2,2,1,4,4,5,3,3,3,1,2,1,1,2
431,4,5,2,9,8,1,4,1,3,1,4,1,4,3,2,1,2,1,1,1,1
432,2,4,2,0,8,1,3,2,3,2,3,3,9,1,2,2,4,1,2,1,2
433,1,6,4,2,2,1,1,4,3,1,4,4,6,3,3,3,4,1,2,1,1
434,4,4,4,5,8,1,3,4,1,1,2,1,3,3,2,2,3,1,2,1,1
435,1,9,2,2,6,1,3,3,3,1,2,1,5,3,2,1,3,1,1,1,1
436,2,2,2,3,4,5,3,2,4,1,1,1,5,3,2,1,3,1,2,1,2
437,4,6,2,5,0,3,4,2,4,1,4,1,3,3,1,1,2,1,1,1,1
438,4,4,4,0,7,4,5,4,2,1,4,1,7,3,2,2,3,1,2,1,1
439,1,2,4,5,4,1,1,4,3,2,4,3,5,3,2,2,1,1,1,1,1
440,3,2,1,9,9,1,2,4,2,1,1,1,6,3,2,1,1,1,1,1,2
441,4,2,2,0,4,1,5,4,3,1,4,3,9,3,2,1,4,1,2,1,1
442,1,2,2,2,0,1,3,2,2,2,3,2,0,3,2,1,3,1,1,1,1
443,2,0,3,0,9,1,3,2,3,1,3,3,9,1,2,2,3,1,2,1,1
444,4,2,2,6,9,1,5,4,3,1,4,3,1,1,2,1,2,2,1,1,2
445,2,8,4,2,6,1,3,2,2,1,3,3,0,3,2,1,4,1,2,1,2
446,4,9,4,6,4,5,5,4,2,1,4,2,1,3,1,2,2,1,1,1,1
447,1,6,2,0,2,1,2,4,2,1,4,3,4,3,2,1,3,1,2,1,2
448,2,7,2,3,6,1,3,2,3,3,2,1,5,3,2,1,3,1,1,1,1
449,3,2,2,2,4,5,5,3,2,1,4,1,5,3,2,1,4,1,2,1,1
450,2,5,3,5,2,4,3,3,4,1,3,2,1,2,2,2,3,1,1,1,2
451,4,6,4,1,4,5,3,4,3,1,2,3,0,3,2,1,4,1,2,1,1
452,4,6,2,3,8,1,3,3,2,1,1,1,9,3,2,1,3,1,1,1,1
453,4,2,0,2,9,1,5,2,3,1,4,2,4,3,2,2,3,1,1,1,1
454,4,4,2,1,0,1,5,4,3,1,4,3,5,3,2,1,4,1,2,1,1
455,1,4,2,0,7,1,4,2,3,2,3,2,1,3,2,1,3,1,2,1,2
456,4,4,2,1,9,1,2,4,2,1,1,4,9,3,2,1,4,1,2,1,1
457,1,1,4,0,5,1,3,2,3,1,2,1,6,3,1,2,3,2,1,1,1
458,1,2,2,1,6,1,5,3,3,1,4,4,5,3,3,1,3,1,2,1,2
459,1,6,2,4,3,1,2,4,2,1,1,1,7,3,2,1,3,1,1,1,1
460,4,8,2,3,4,1,2,3,3,1,2,3,2,3,2,1,3,1,2,1,1
461,1,6,2,2,0,1,3,1,3,3,2,2,7,3,2,1,3,2,1,1,1
462,1,5,2,0,1,1,2,2,3,1,3,1,6,3,2,1,3,1,1,1,1
463,2,2,2,2,7,1,2,3,2,1,1,1,4,3,1,1,4,1,1,1,1
464,2,2,2,8,4,5,5,4,3,1,4,2,8,3,2,2,3,1,1,1,1
465,4,8,2,9,0,1,4,4,3,1,1,3,4,2,2,2,3,1,2,1,1
466,1,4,2,1,4,1,3,3,3,3,4,4,3,1,2,1,3,2,2,1,1
467,1,4,3,3,9,1,2,4,2,1,2,3,9,3,1,1,2,1,2,1,2
468,4,8,3,3,8,5,5,3,3,1,3,3,2,1,2,2,3,2,1,1,1
469,4,3,3,9,4,1,3,2,2,1,2,3,6,3,2,2,3,1,2,1,1
470,4,4,3,1,9,1,4,3,3,1,3,3,5,3,2,2,2,1,2,1,1
471,2,4,2,3,2,2,2,3,4,1,2,3,2,3,1,1,3,1,2,1,2
472,1,6,2,6,8,1,2,4,2,1,4,2,3,3,2,1,3,1,1,1,2
473,1,9,2,0,4,1,3,4,3,1,3,3,8,3,2,1,2,1,1,1,2
474,4,6,2,8,8,5,1,4,3,1,4,2,6,3,2,1,4,2,2,1,1
475,2,8,4,3,5,1,3,4,4,1,2,3,3,3,2,1,3,1,1,1,2
476,1,8,0,2,4,1,2,1,2,1,4,2,6,3,1,1,3,1,1,1,2
477,4,9,2,1,9,3,3,4,3,1,4,3,4,3,2,1,3,1,1,1,1
478,3,4,2,3,2,1,4,4,3,1,2,3,5,1,2,1,3,1,1,1,1
479,2,2,2,9,7,2,4,3,3,1,4,1,9,3,2,1,2,1,1,1,1
480,1,5,4,2,8,1,5,4,3,1,4,3,4,3,2,2,3,2,2,1,1
481,2,2,4,3,3,1,3,1,2,1,1,1,3,3,2,1,2,1,1,1,1
482,2,4,2,0,1,1,2,4,3,1,1,2,6,3,2,1,3,1,1,1,1
483,1,0,2,2,2,4,5,4,2,1,4,2,7,3,1,2,3,1,2,1,1
484,4,5,3,2,0,4,4,3,2,1,2,2,0,3,2,2,3,1,1,1,1
485,4,2,4,0,3,3,3,4,3,1,4,1,4,3,2,1,3,1,2,1,1
486,2,6,3,0,9,1,1,4,3,1,4,2,7,3,2,1,4,1,2,1,2
487,4,2,2,3,7,1,3,2,3,1,4,3,2,3,2,1,3,1,2,1,1
488,4,4,2,0,7,1,5,4,2,2,4,4,2,3,3,1,3,1,2,1,1
489,4,0,2,0,8,2,3,3,3,1,2,1,5,3,1,1,2,1,1,2,1
490,4,6,2,0,8,1,3,2,3,3,3,2,6,3,1,1,3,1,1,1,1
491,4,2,4,3,4,1,5,2,3,1,2,4,6,3,2,2,3,1,1,1,1
492,2,7,0,9,8,1,5,2,2,1,4,4,2,3,3,2,4,1,2,1,2
493,4,6,4,3,7,2,3,1,2,1,1,2,7,3,2,2,3,1,1,1,1
494,2,6,2,3,8,5,5,4,3,1,4,2,8,3,2,1,3,1,1,1,1
495,1,2,4,0,2,1,3,3,3,1,2,1,9,3,1,2,2,2,1,2,1
496,1,4,2,2,6,5,3,2,4,1,4,3,0,3,2,1,3,1,1,1,2
497,2,6,2,2,4,2,2,4,3,2,1,4,9,3,1,1,4,1,2,1,2
498,4,4,4,2,5,1,4,4,3,1,3,2,0,3,2,2,3,1,1,1,1
499,2,8,2,3,1,1,5,4,4,3,2,1,2,3,2,1,2,1,1,1,1
500,3,6,4,0,3,2,5,2,1,1,4,3,8,3,2,2,3,2,2,1,1
501,1,4,2,0,3,1,2,4,2,1,1,2,7,3,2,1,3,1,1,1,2
502,1,6,2,1,3,1,5,2,3,1,4,4,2,3,3,1,3,2,1,1,1
503,3,9,2,3,6,2,5,2,1,1,4,1,9,3,2,1,3,1,1,1,1
504,2,4,4,3,6,2,2,4,3,1,4,4,8,1,2,2,3,2,1,1,2
505,1,4,2,0,7,1,2,4,2,1,4,2,4,3,1,1,3,1,1,1,2
506,4,0,2,0,9,5,3,4,3,3,4,2,7,3,2,1,2,1,1,1,2
507,3,5,4,1,0,3,3,2,3,1,2,3,6,3,2,1,3,1,2,1,1
508,2,5,1,0,0,2,1,1,3,1,2,2,4,3,2,1,4,2,2,1,2
509,4,4,2,3,3,1,3,4,4,1,2,2,8,3,2,1,3,1,1,1,1
510,4,9,2,1,8,2,5,4,3,1,2,3,5,3,2,1,4,1,2,1,1
511,1,2,2,0,9,1,4,4,3,1,2,1,6,3,2,1,3,1,1,1,2
512,4,6,2,1,6,1,3,2,3,1,2,4,2,3,3,1,4,1,2,1,1
513,3,5,2,9,7,1,4,2,3,1,4,2,6,3,1,1,3,1,2,1,1
514,2,2,3,3,5,1,3,4,4,2,4,1,0,3,1,2,3,1,1,1,1
515,4,4,2,0,5,5,2,4,3,1,1,2,4,3,2,1,3,1,1,1,1
516,1,6,4,0,9,1,4,4,2,1,3,2,7,3,2,2,3,1,1,2,1
517,1,6,4,0,1,1,2,2,3,1,4,1,0,3,2,1,2,2,1,2,1
518,4,6,4,2,7,1,2,2,2,1,4,2,3,3,1,2,3,1,2,1,2
519,1,6,2,0,3,2,5,3,3,1,2,2,3,3,2,1,3,1,2,1,1
520,4,6,4,3,0,5,5,4,3,1,4,4,6,3,3,2,3,1,1,1,1
521,4,4,4,5,7,1,5,3,3,1,4,4,4,3,3,2,3,1,1,1,1
522,1,8,2,3,0,1,3,2,2,1,2,1,4,3,2,1,3,1,1,1,2
523,1,8,0,2,9,1,3,3,3,1,4,4,3,3,3,2,3,2,1,1,2
524,4,4,2,1,8,2,4,3,2,1,4,3,3,3,2,1,3,1,1,1,1
525,2,8,2,3,3,1,3,4,2,3,4,1,6,3,2,1,2,2,1,1,1
526,2,6,2,1,6,1,2,2,3,1,3,3,0,3,2,2,3,1,1,1,1
527,4,5,4,6,2,2,3,4,2,1,3,3,1,3,2,1,3,1,1,1,1
528,4,4,4,3,3,1,4,2,3,1,1,1,2,3,2,2,2,2,1,1,1
529,1,6,2,3,2,1,3,4,1,1,4,3,1,3,1,1,3,1,1,1,2
530,1,6,2,0,2,1,2,3,3,1,4,1,1,3,2,1,2,2,2,1,1
531,2,6,2,6,3,1,4,3,3,1,1,3,2,3,2,2,3,2,1,1,1
532,2,5,2,0,1,2,3,2,2,1,4,3,8,3,1,2,3,1,2,1,2
533,4,2,3,1,3,1,3,4,4,1,4,1,1,3,1,1,3,1,1,1,1
534,4,4,2,3,1,2,4,4,4,1,3,2,6,3,2,1,3,1,2,1,1
535,4,4,2,3,5,5,2,4,3,1,2,3,5,3,2,2,3,1,1,1,1
536,3,1,4,6,9,1,2,2,1,1,1,3,3,3,1,1,3,1,1,1,2
537,1,6,2,0,4,5,1,4,2,1,3,2,5,3,2,1,4,1,2,1,1
538,2,8,4,2,2,1,5,3,2,1,4,2,7,3,2,1,3,1,2,1,1
539,1,8,2,0,3,1,5,4,3,1,4,4,2,1,3,1,4,1,1,1,2
540,3,8,2,2,9,1,2,1,2,1,1,2,5,2,2,1,2,1,1,1,1
541,2,2,2,3,4,1,2,1,4,1,1,1,3,3,1,1,3,1,1,1,2
542,4,4,3,0,2,1,5,4,3,1,4,4,0,3,3,2,3,1,2,1,1
543,1,0,2,2,0,5,5,4,3,1,4,2,1,3,2,1,3,1,1,1,2
544,3,8,2,2,4,1,3,2,3,1,1,1,4,3,2,1,2,2,1,1,2
545,4,2,4,0,5,1,5,4,3,1,4,1,1,3,2,2,2,1,1,1,1
546,1,4,3,0,3,1,1,4,3,1,2,1,3,3,3,2,3,2,1,1,2
547,4,4,4,0,2,1,3,4,2,1,4,3,7,3,2,1,3,1,2,1,1
548,4,4,2,3,2,1,4,3,3,1,1,3,2,1,2,1,3,2,1,1,1
549,1,2,1,3,6,1,3,4,2,1,4,1,4,1,2,1,2,1,1,1,2
550,4,8,4,1,8,5,4,2,3,1,1,4,5,3,3,2,3,1,2,1,1
551,4,2,4,5,6,5,4,4,2,1,4,1,3,3,2,2,3,1,1,1,1
552,4,6,1,3,0,3,5,2,3,1,4,2,5,1,2,1,2,2,1,1,1
553,1,8,2,3,9,1,4,1,4,3,1,1,4,3,2,2,3,1,2,1,2
554,2,2,4,0,5,2,2,4,3,1,1,3,7,3,2,1,3,1,1,1,1
555,2,9,2,6,9,1,4,4,2,1,4,2,7,3,2,2,4,1,2,1,1
556,2,2,2,3,1,1,2,2,3,1,1,3,2,2,2,1,3,1,1,1,2
557,2,8,0,0,8,2,2,3,2,1,3,3,8,3,2,2,3,1,1,1,2
558,4,1,0,0,3,5,3,1,2,1,4,2,9,1,2,2,3,1,2,1,2
559,1,4,1,2,2,1,4,3,3,1,4,3,7,1,2,1,3,1,1,1,2
560,2,8,4,2,8,1,2,2,3,1,2,1,1,3,2,2,2,1,1,1,2
561,1,4,2,1,4,5,5,4,3,1,4,4,9,1,3,1,3,2,2,1,1
562,1,4,1,3,6,1,4,4,3,3,4,3,4,1,1,1,2,1,1,1,2
563,3,6,3,3,3,1,2,2,2,1,1,2,9,1,2,1,3,1,1,1,1
564,2,6,2,0,9,5,3,1,3,1,4,4,7,3,3,1,3,1,2,1,2
565,2,4,3,9,2,5,3,4,3,1,2,2,7,1,2,2,4,1,2,1,1
566,2,4,3,3,3,2,4,3,2,1,2,2,3,3,1,2,3,1,2,1,1
567,1,2,2,0,2,1,4,2,1,1,3,3,6,3,2,1,3,1,1,1,2
568,4,4,4,3,8,4,5,2,3,1,2,3,4,3,2,1,3,1,1,1,1
569,2,8,2,3,9,5,4,4,3,1,1,3,1,3,2,2,3,2,2,1,1
570,1,8,2,3,8,1,3,3,2,1,2,3,1,3,2,1,3,1,2,1,2
571,1,4,2,2,4,1,2,4,2,1,4,1,3,3,1,1,2,1,2,1,2
572,4,0,4,3,4,1,4,3,3,2,2,3,8,3,2,1,3,1,1,1,1
573,4,4,2,1,3,5,1,2,2,1,4,2,6,3,1,1,4,1,2,1,1
574,1,5,2,9,6,1,3,4,2,1,4,2,2,3,2,1,2,1,1,1,1
575,2,9,2,3,2,1,5,4,3,1,4,3,7,3,2,2,2,1,1,1,1
576,4,5,4,2,8,1,4,2,2,2,3,3,4,1,2,2,3,1,1,1,1
577,2,2,2,3,0,1,4,2,2,1,1,1,7,3,2,1,3,1,1,1,1
578,4,4,4,6,7,5,3,3,2,1,2,3,3,3,2,2,3,1,2,1,1
579,2,6,4,0,0,1,2,4,1,1,4,3,7,3,2,2,3,1,1,1,2
580,4,4,2,8,7,1,2,4,4,1,3,3,7,3,2,2,2,1,1,1,1
581,2,8,4,0,6,1,5,3,3,3,3,1,0,1,2,2,3,1,1,1,2
582,2,2,4,0,4,1,2,1,3,1,3,1,9,1,2,2,2,2,1,1,1
583,4,9,2,2,8,1,3,4,2,1,2,1,6,3,1,1,3,1,1,1,1
584,2,6,2,5,4,1,2,4,3,1,1,4,3,3,1,1,2,1,1,1,2
585,4,2,2,0,3,5,5,4,2,1,4,4,2,3,3,1,4,1,2,1,1
586,1,8,2,2,9,1,3,1,2,1,4,1,0,1,1,1,3,1,1,1,2
587,1,9,4,0,9,1,3,2,3,1,2,1,6,3,1,2,3,2,1,1,1
588,1,2,2,2,9,1,3,4,3,3,1,2,1,3,2,1,2,1,1,1,1
589,1,8,2,4,7,1,3,4,4,1,3,1,7,3,2,1,2,1,2,1,2
590,1,2,4,2,6,1,5,3,3,1,3,2,0,3,2,2,3,1,1,1,2
591,1,2,4,3,5,1,4,4,2,1,3,1,8,3,2,4,2,1,2,1,1
592,2,4,3,0,5,5,3,4,2,1,4,3,2,3,1,2,3,1,2,1,1
593,4,1,2,9,2,4,5,4,2,1,4,1,6,1,2,1,2,1,1,1,1
594,2,4,2,0,8,1,3,3,2,1,4,2,0,3,1,1,2,1,2,1,2
595,1,4,1,0,8,5,5,4,3,1,3,3,0,2,2,1,4,1,2,1,2
596,2,6,1,0,1,2,2,1,2,1,1,2,2,2,2,1,2,1,1,1,2
597,1,4,2,0,2,1,4,4,2,1,4,3,3,3,1,2,3,1,1,1,2
598,2,4,0,9,1,1,3,1,3,1,4,1,6,3,2,3,2,1,2,1,2
599,4,8,4,0,5,1,4,2,3,1,2,2,1,1,2,2,3,1,1,1,2
600,4,4,3,9,3,1,3,1,3,1,2,4,2,3,3,1,3,1,1,1,1
601,2,7,2,3,9,1,2,1,2,3,1,1,5,3,2,1,3,1,1,1,1
602,2,9,2,2,8,1,3,4,2,1,1,2,0,3,2,1,3,1,1,1,2
603,2,4,1,6,7,1,4,4,2,1,4,4,4,1,3,1,2,1,1,1,2
604,4,6,2,2,9,1,3,4,2,1,2,3,8,3,2,1,4,1,2,1,2
605,3,0,2,2,5,1,2,4,2,1,2,2,3,3,2,1,3,1,1,1,1
606,1,4,1,2,8,3,3,4,3,1,4,1,2,2,2,1,3,1,2,1,1
607,4,4,4,9,6,1,3,3,3,1,2,1,4,3,2,1,4,1,2,1,1
608,2,6,2,3,1,2,3,4,2,2,4,4,0,3,3,1,3,1,1,1,2
609,4,8,2,3,1,1,2,4,3,1,1,1,3,3,2,1,3,1,1,1,1
610,4,5,2,1,0,5,5,4,3,1,4,4,5,1,3,1,3,2,1,1,1
611,1,2,2,4,1,2,1,4,2,1,3,2,2,3,2,1,3,1,1,1,2
612,3,0,2,0,0,2,5,1,2,1,4,4,8,3,3,1,2,2,1,1,2
613,1,1,2,3,7,4,2,4,2,1,2,3,9,1,2,1,3,1,1,1,1
614,1,4,1,1,2,1,3,1,2,3,4,3,2,1,1,1,3,1,1,2,1
615,4,8,3,2,8,1,4,4,2,1,1,1,2,3,2,1,3,1,1,1,2
616,2,8,0,9,4,5,3,2,3,1,2,3,8,1,2,1,4,1,2,1,1
617,2,0,3,3,7,5,3,2,3,1,2,4,7,3,3,1,4,1,1,1,1
618,1,6,4,0,6,1,3,1,3,1,3,1,7,3,1,3,3,2,1,1,1
619,2,0,2,2,1,2,3,2,2,2,4,3,1,3,1,1,3,1,1,1,2
620,4,2,2,0,0,1,3,4,1,1,2,1,9,3,2,1,2,1,1,1,1
621,2,1,4,9,2,1,4,2,3,1,3,2,7,3,2,2,3,1,1,1,1
622,4,8,4,0,0,1,3,3,3,1,2,2,2,1,2,2,3,1,1,1,2
623,4,8,2,9,4,5,3,4,1,1,2,1,8,1,2,1,3,1,1,1,2
624,1,2,2,2,8,1,2,4,2,1,1,3,2,3,1,1,3,1,1,1,1
625,1,8,2,3,0,1,3,4,3,1,4,4,5,3,3,2,3,1,1,1,2
626,4,5,2,3,9,5,5,4,3,1,2,3,5,3,2,1,3,1,1,1,1
627,3,6,2,2,6,1,3,2,3,1,2,1,1,3,2,1,3,1,2,1,1
628,2,9,1,0,7,2,4,2,3,1,3,4,9,3,2,1,3,1,1,1,2
629,4,2,4,2,2,3,3,4,3,1,4,1,6,3,2,2,3,1,2,1,1
630,4,9,2,6,2,5,5,1,3,1,4,1,4,3,2,1,2,1,1,1,1
631,1,4,2,3,0,1,3,2,2,1,4,3,8,3,2,1,3,1,1,1,1
632,1,8,1,2,3,1,3,4,3,1,3,3,4,1,2,1,3,1,1,1,2
633,2,5,2,3,4,5,2,4,3,1,1,2,3,3,2,1,3,1,1,1,1
634,4,9,2,2,0,1,2,2,2,2,2,3,9,3,1,2,3,1,1,1,2
635,2,4,2,0,5,1,2,3,2,1,4,3,5,3,2,1,2,1,2,1,2
636,4,2,2,6,3,1,5,4,3,1,4,2,7,1,2,3,3,2,2,1,1
637,4,4,2,3,6,3,4,4,2,1,1,3,8,3,2,1,3,1,1,1,1
638,4,0,3,3,3,1,4,2,3,1,4,3,1,3,2,2,3,1,2,1,1
639,4,2,2,3,3,1,2,4,2,1,3,3,4,3,2,1,3,2,1,1,1
640,1,2,3,3,0,1,4,3,3,1,2,2,6,1,2,2,3,2,2,1,2
641,1,8,2,6,0,1,1,4,2,1,1,1,7,3,2,1,1,1,1,1,2
642,2,5,2,5,8,1,5,4,3,1,4,3,8,3,2,2,2,1,1,1,1
643,4,5,2,6,3,2,3,3,3,1,2,2,0,3,2,1,4,1,2,1,2
644,4,4,4,3,1,1,4,4,4,3,2,3,3,3,2,2,3,1,2,1,1
645,1,8,4,3,0,1,4,4,4,1,1,2,2,3,2,2,4,1,2,1,1
646,4,6,3,9,0,5,2,4,3,1,4,3,7,3,1,2,3,1,2,1,2
647,1,0,0,2,3,1,3,2,1,3,2,1,2,3,2,2,3,1,1,1,1
648,4,2,2,0,6,3,3,2,2,1,2,2,6,3,2,1,3,1,1,1,2
649,3,4,2,0,7,1,4,4,3,1,3,4,8,1,3,1,3,2,1,1,2
650,1,2,2,6,4,1,3,4,3,1,4,3,0,3,1,1,2,2,1,1,2
651,1,8,2,6,6,1,4,4,3,1,1,4,0,3,3,1,4,1,2,1,1
652,2,2,2,2,2,1,3,4,3,1,2,2,7,3,2,1,2,1,1,1,2
653,1,4,2,0,3,1,5,4,3,2,1,1,5,3,2,1,3,1,1,1,2
654,2,6,3,0,6,2,5,2,3,1,4,3,2,3,2,4,4,1,2,1,2
655,4,4,4,1,6,1,4,4,3,1,3,3,5,3,2,2,3,1,2,1,1
656,1,4,2,0,3,1,1,1,3,1,4,4,2,3,3,1,3,1,1,1,1
657,2,2,2,0,8,1,5,4,3,1,4,3,1,1,2,1,2,2,1,1,2
658,4,8,2,3,2,5,4,4,3,1,3,3,7,2,2,1,3,1,2,1,1
659,2,0,0,9,1,1,3,2,2,1,1,3,8,3,2,2,3,1,1,1,1
660,2,8,4,2,1,1,5,2,3,1,1,4,1,3,2,1,3,1,2,1,1
661,3,2,2,3,7,1,3,3,4,1,4,1,3,3,1,1,3,1,1,1,1
662,1,2,2,0,0,5,3,4,4,1,2,3,3,3,2,1,3,1,1,1,2
663,4,1,2,2,1,1,5,4,3,1,2,1,0,3,2,2,3,1,1,1,1
664,2,6,3,2,0,1,1,4,3,1,1,2,5,2,2,2,4,1,2,1,1
665,3,6,4,6,7,1,3,2,2,1,4,2,0,3,2,1,2,1,1,1,1
666,4,4,4,0,4,1,1,4,3,2,2,4,7,1,2,2,4,1,2,1,1
667,2,0,1,2,6,4,3,4,3,1,2,3,4,2,2,1,3,2,2,1,1
668,4,8,1,9,9,1,3,1,2,1,1,1,7,2,2,1,3,1,1,1,1
669,1,2,4,0,3,1,5,3,3,2,4,2,3,3,1,2,3,1,2,1,2
670,3,0,4,3,7,1,5,4,3,1,4,2,7,3,2,1,3,1,1,1,1
671,4,4,4,9,9,2,3,3,3,1,3,2,7,3,2,2,2,1,2,1,1
672,4,6,2,9,2,2,4,2,3,1,2,3,1,3,2,2,3,1,2,1,1
673,4,0,2,0,6,1,5,2,3,1,4,2,2,3,2,1,4,1,2,1,1
674,4,6,4,0,0,3,3,1,4,1,2,3,4,3,2,1,3,1,1,1,1
675,4,1,3,9,0,3,2,4,3,1,2,1,1,1,2,1,2,2,1,1,2
676,4,0,4,3,0,1,4,4,2,1,4,3,6,3,1,1,4,1,2,1,1
677,4,4,4,2,0,1,5,4,3,1,4,3,3,3,2,1,3,1,2,1,1
678,2,2,2,3,5,2,3,2,4,1,2,3,4,3,2,1,3,1,1,1,2
679,1,4,2,3,4,1,5,4,3,1,4,1,4,1,1,1,2,1,1,1,1
680,4,8,2,3,3,1,2,3,2,1,1,1,6,3,2,1,3,1,1,1,1
681,4,6,2,6,8,1,2,1,2,1,2,4,6,3,2,1,3,1,1,1,1
682,4,2,2,3,9,5,3,4,3,1,4,4,7,3,3,1,3,1,2,1,1
683,4,5,3,3,8,1,3,4,4,1,3,1,3,1,2,2,3,1,1,1,1
684,4,4,4,3,3,1,2,3,4,1,3,4,7,3,3,3,3,1,2,1,1
685,2,6,3,9,7,2,4,1,3,1,3,2,1,3,2,2,2,2,2,1,1
686,4,0,2,0,7,5,3,4,3,1,4,4,4,3,3,1,3,2,2,1,1
687,3,0,4,3,7,5,4,4,3,1,2,2,7,3,2,2,3,1,2,1,1
688,2,6,3,0,2,2,5,4,3,1,3,4,0,3,3,1,3,1,1,1,1
689,4,9,2,3,3,2,5,3,3,2,4,3,5,3,2,1,3,1,2,1,1
690,1,2,2,0,1,4,3,1,3,1,3,2,1,3,2,1,3,2,1,1,1
691,1,5,4,2,5,1,3,2,1,1,3,2,5,3,2,2,3,1,1,1,1
692,2,5,2,5,1,2,3,3,2,1,2,1,5,3,2,1,2,1,1,1,1
693,2,4,2,3,6,2,2,2,3,1,1,3,9,3,2,1,3,1,1,1,1
694,1,6,4,0,6,5,2,1,3,1,3,1,4,3,2,2,2,2,1,1,1
695,4,4,2,3,4,1,4,4,3,1,2,3,8,3,2,1,3,1,2,1,1
696,4,6,2,1,6,3,3,2,3,1,4,2,0,3,1,1,3,1,1,1,1
697,2,2,2,3,3,1,4,4,3,3,3,1,9,3,2,2,3,1,1,2,1
698,4,2,4,0,6,1,1,1,2,1,2,2,8,3,2,1,1,1,1,1,1
699,4,8,4,3,0,1,3,4,3,1,2,3,4,3,2,2,3,1,1,1,1
700,3,5,2,6,5,1,5,4,3,1,4,3,0,3,1,1,4,1,2,1,1
701,4,2,2,2,3,3,3,4,2,1,4,3,9,3,1,1,2,1,1,1,2
702,1,8,4,1,1,1,5,4,3,1,4,4,6,3,3,2,3,1,2,1,2
703,3,4,2,3,7,2,5,4,2,1,2,4,7,3,3,1,3,1,2,1,1
704,2,0,3,9,3,2,5,4,3,1,2,2,1,2,2,2,3,1,1,1,1
705,2,7,2,9,8,1,2,4,2,1,1,2,2,3,2,1,3,2,2,1,1
706,4,5,2,0,4,3,5,1,2,1,4,4,5,3,3,1,3,1,1,1,1
707,2,8,2,0,0,2,4,3,3,1,2,2,4,3,2,1,3,1,1,1,2
708,2,2,0,2,9,1,2,4,2,1,3,2,5,3,1,2,3,1,1,1,2
709,2,9,2,3,6,1,5,4,2,1,4,1,5,3,2,1,3,1,1,1,1
710,2,9,2,3,8,1,3,2,3,1,2,1,7,3,2,1,2,2,1,1,1
711,4,8,4,3,9,3,5,4,3,1,3,2,2,1,2,2,4,1,2,1,1
712,1,6,1,6,8,1,5,4,2,1,4,4,5,3,3,1,3,1,1,1,2
713,4,1,2,1,6,5,5,4,3,1,4,1,6,3,2,1,4,1,2,1,1
714,1,9,4,3,8,1,3,4,3,1,4,1,5,3,2,2,2,1,1,1,1
715,2,0,2,0,7,1,4,4,3,1,2,4,7,3,2,1,4,1,2,1,2
716,4,0,4,1,6,5,5,1,3,1,4,3,3,3,2,2,3,1,1,1,1
717,4,0,4,3,7,5,5,3,3,1,2,3,0,3,2,2,3,2,2,1,1
718,4,8,2,3,5,1,3,4,3,1,2,4,2,3,3,1,4,1,2,1,1
719,3,4,4,3,8,5,3,3,3,1,2,3,1,3,2,2,3,1,2,1,1
720,2,0,0,1,8,2,5,3,4,1,4,3,1,1,2,2,3,1,2,1,1
721,3,9,0,3,7,1,2,4,3,1,2,3,4,3,2,2,4,1,2,1,2
722,2,6,1,6,3,4,2,4,2,1,2,2,4,1,1,1,3,2,1,1,2
723,1,2,2,0,8,1,3,4,2,1,2,1,4,3,2,1,2,1,1,1,2
724,2,9,2,3,0,3,3,4,2,1,3,1,6,3,2,1,2,1,1,1,1
725,4,7,2,0,0,1,3,3,2,1,3,1,1,3,1,1,3,1,1,1,2
726,4,6,4,0,0,4,3,2,2,1,2,1,1,1,2,2,2,1,1,1,1
727,4,5,4,3,6,3,3,2,4,1,2,2,7,3,2,2,2,1,1,1,1
728,1,8,2,3,2,1,3,4,2,1,4,3,5,1,1,2,3,1,1,1,2
729,2,8,1,9,6,1,5,4,2,1,3,4,9,3,1,1,3,1,1,1,2
730,3,4,4,9,5,4,3,2,1,1,4,1,6,3,2,2,3,1,2,1,1
731,2,4,3,3,3,1,2,1,3,1,2,3,3,3,2,1,3,1,1,1,1
732,1,4,2,3,7,1,3,2,3,1,4,1,1,3,1,1,2,2,1,1,2
733,2,8,2,3,0,1,4,4,2,3,2,1,4,3,2,1,2,1,1,1,1
734,4,4,2,1,3,4,3,2,2,1,4,3,8,3,1,1,3,1,2,1,1
735,4,4,4,0,0,1,4,1,2,1,1,1,7,3,2,1,3,2,1,1,1
736,2,6,1,4,0,5,2,3,2,1,2,4,9,1,2,1,1,1,1,1,1
737,2,4,2,1,0,1,3,1,2,1,4,3,3,3,1,2,4,1,1,1,2
738,1,8,2,0,0,2,3,3,3,1,4,3,5,3,2,1,2,2,2,1,1
739,4,6,4,0,1,1,4,1,3,1,3,4,5,3,2,2,4,2,2,1,1
740,2,0,0,9,0,2,3,4,2,1,4,3,6,3,1,2,2,1,1,1,2
741,1,4,1,0,5,2,4,2,3,1,3,3,2,1,2,1,3,1,1,1,1
742,2,0,1,3,8,1,3,4,3,1,4,1,3,2,2,1,2,1,1,1,1
743,4,1,2,3,0,5,5,4,3,1,3,2,1,3,2,1,3,1,2,1,1
744,1,4,1,2,3,3,3,4,3,1,4,1,2,2,2,1,3,1,2,1,1
745,1,9,4,2,9,5,4,4,3,1,4,2,0,3,2,2,4,1,2,1,1
746,1,3,4,9,7,1,2,3,3,1,1,2,8,1,2,2,2,1,1,1,1
747,1,5,2,0,1,1,1,1,2,1,4,3,3,3,1,1,3,1,1,1,1
748,1,2,2,0,4,1,2,3,2,1,1,1,7,3,2,1,2,1,1,1,2
749,4,1,2,1,8,5,3,1,3,1,3,3,6,3,2,1,3,1,1,1,1
750,4,5,2,1,9,1,4,2,3,1,2,3,3,3,2,1,3,1,1,1,1
751,1,6,2,2,8,1,5,2,2,1,1,2,9,1,2,1,3,1,2,1,1
752,1,8,2,0,6,1,2,1,2,1,2,3,3,3,2,1,2,1,1,1,2
753,2,2,2,9,1,2,4,2,2,1,4,1,3,3,1,1,2,1,1,1,1
754,4,0,4,3,1,1,4,4,2,1,2,3,5,3,2,2,3,1,1,1,1
755,4,2,3,5,5,4,5,4,3,1,4,4,5,3,3,2,3,2,1,1,2
756,1,4,2,0,5,5,4,4,2,1,4,4,2,3,1,1,3,1,1,1,2
757,3,6,4,0,9,1,3,1,3,1,1,1,4,3,2,3,1,2,1,2,1
758,3,5,4,3,1,5,3,3,3,1,4,4,9,3,3,2,3,1,2,1,2
759,4,4,2,0,3,1,3,2,3,3,2,1,1,3,2,1,3,1,2,1,1
760,1,2,4,0,1,1,5,4,3,1,3,2,5,3,2,2,3,1,1,1,2
761,4,5,4,0,5,5,5,1,2,1,4,3,9,3,2,1,3,1,2,1,1
762,1,8,4,2,4,1,3,4,2,1,4,1,4,3,1,2,3,1,1,1,2
763,1,2,2,3,4,1,3,4,3,1,3,2,4,3,2,1,2,1,1,1,1
764,4,1,4,0,0,5,5,4,3,1,4,4,0,3,3,1,4,1,2,1,2
765,4,4,4,0,3,2,4,4,4,1,3,2,7,3,2,2,3,1,2,1,1
766,2,2,2,3,5,1,5,3,4,3,3,1,0,1,2,2,2,1,1,1,1
767,1,0,2,2,8,1,2,2,1,1,4,2,1,3,2,1,2,1,1,1,2
768,4,0,2,1,1,5,2,1,2,1,4,1,1,3,1,1,3,1,1,1,1
769,2,2,4,2,7,1,5,1,3,1,4,3,8,3,1,3,3,1,2,1,1
770,4,2,4,3,5,1,5,2,3,1,4,1,3,3,2,2,2,1,2,1,1
771,1,4,2,1,2,5,5,2,2,1,4,1,6,3,1,1,3,1,1,1,1
772,1,6,4,6,5,1,3,3,2,1,2,4,5,3,2,2,4,1,2,1,2
773,4,1,4,1,5,1,5,1,3,1,4,3,6,3,2,1,4,1,2,1,1
774,4,4,4,3,3,2,5,4,3,1,4,2,2,1,2,2,3,1,1,1,1
775,3,2,4,0,0,3,1,2,3,1,4,4,6,1,3,3,1,1,1,1,1
776,1,4,2,0,1,5,3,4,2,1,4,1,5,3,1,1,3,1,1,1,2
777,4,6,4,0,5,1,4,4,3,1,4,3,7,3,2,2,3,1,2,1,1
778,1,8,2,3,9,1,4,4,2,3,1,1,5,3,2,1,3,1,1,1,1
779,4,6,4,1,1,4,5,4,3,1,2,3,8,3,2,2,4,1,2,1,1
780,2,8,2,5,2,1,1,2,2,1,4,3,7,3,2,1,3,1,2,1,1
781,2,9,4,3,3,1,4,2,3,3,2,1,5,3,2,2,3,1,1,1,2
782,4,4,4,0,0,4,5,4,3,1,4,1,0,3,2,1,3,1,2,1,1
783,2,2,0,8,0,1,3,2,3,1,2,1,1,3,2,1,2,1,2,1,1
784,2,2,2,0,6,2,2,4,2,1,2,2,3,1,2,1,2,1,1,1,2
785,2,0,2,1,8,5,1,1,1,1,4,1,0,3,2,1,4,1,2,1,1
786,2,8,2,9,1,4,3,4,3,1,2,2,5,3,2,1,2,1,2,1,1
787,4,2,2,3,5,3,5,3,3,1,4,3,0,3,2,1,3,1,1,1,1
788,4,8,4,1,1,5,5,4,3,1,3,3,8,3,2,2,3,2,2,1,1
789,2,8,3,6,4,1,5,4,3,1,4,4,0,3,3,1,3,1,1,1,2
790,1,0,4,6,8,1,3,4,3,1,3,4,7,1,2,1,3,1,2,1,2
791,2,1,2,9,8,1,5,2,2,1,4,2,9,3,2,1,3,2,1,1,2
792,4,4,2,1,3,5,5,3,3,1,4,3,1,3,2,1,4,2,2,1,1
793,4,6,4,2,1,5,3,1,4,1,2,2,7,3,2,2,3,1,1,1,1
794,3,4,2,2,2,1,5,3,1,1,4,4,1,3,3,1,3,1,1,1,1
795,4,4,2,2,2,3,5,4,3,1,3,4,2,3,1,1,3,1,2,1,1
796,4,9,2,2,1,2,2,2,2,1,4,2,2,3,1,1,3,1,1,1,1
797,1,8,2,1,1,5,5,1,3,1,4,2,1,3,3,1,3,2,2,1,2
798,4,2,4,2,8,1,2,2,2,1,4,2,2,3,1,2,2,1,1,1,1
799,4,4,3,0,7,5,5,4,4,1,4,3,4,3,2,2,3,1,2,1,1
800,2,9,2,0,9,5,2,4,3,1,2,1,5,3,2,1,1,1,1,1,1
801,4,4,4,6,7,1,5,4,3,1,4,4,4,3,3,2,3,2,1,1,1
802,2,8,4,3,5,1,5,3,2,3,4,1,8,1,1,2,2,1,2,1,1
803,1,0,4,2,2,1,5,1,2,1,4,2,4,3,2,2,3,1,1,1,1
804,4,2,4,3,6,5,5,4,3,1,4,3,5,3,2,2,3,1,1,1,1
805,2,2,2,0,2,5,1,1,2,1,2,1,4,3,1,1,1,1,1,1,1
806,1,6,2,0,1,1,4,2,3,1,1,3,4,3,2,1,3,1,2,1,2
807,2,6,2,3,0,1,2,3,4,1,3,1,6,3,2,1,2,1,1,2,1
808,4,2,4,3,0,5,5,4,3,1,4,1,5,3,2,4,3,1,1,1,1
809,2,2,1,1,3,1,1,1,3,1,2,4,5,1,3,1,4,1,2,1,1
810,2,5,0,0,8,1,2,2,2,1,1,1,6,3,1,2,1,1,1,1,2
811,2,8,2,9,7,1,2,3,4,1,2,1,6,3,2,1,3,1,2,1,1
812,2,6,2,3,4,1,4,3,4,3,3,1,8,1,2,1,2,1,1,1,1
813,1,6,4,1,9,1,4,4,3,1,4,3,4,3,2,2,3,1,2,1,2
814,1,8,2,4,1,1,3,3,3,1,4,3,4,3,2,1,3,1,1,1,2
815,1,8,2,0,1,1,4,4,3,1,4,4,6,3,3,1,3,2,1,1,2
816,2,6,3,0,2,1,3,2,2,1,2,2,4,3,1,1,3,1,1,1,1
817,4,6,2,4,8,3,3,1,1,1,4,1,2,3,2,1,3,1,1,1,1
818,4,6,4,3,4,1,4,1,2,1,2,3,4,3,1,2,3,1,2,1,1
819,1,6,2,0,7,1,1,2,1,2,3,3,3,3,2,1,4,1,1,1,1
820,1,8,2,3,5,1,3,4,4,1,3,1,6,1,2,1,3,1,1,1,2
821,4,2,2,0,1,1,3,3,4,1,2,1,7,3,2,2,3,1,2,1,1
822,3,2,2,3,6,1,3,3,4,1,1,3,4,3,2,1,3,1,1,1,1
823,1,6,2,2,2,1,5,2,3,1,2,2,1,1,2,1,3,2,1,1,2
824,1,8,4,0,1,1,5,4,3,1,4,1,7,3,2,2,2,1,1,1,1
825,4,8,4,2,0,1,2,3,1,1,2,3,5,3,2,2,4,1,2,1,1
826,1,1,4,0,2,1,5,4,4,1,3,3,0,3,2,2,3,1,2,1,1
827,1,8,4,0,6,1,5,1,2,1,4,1,3,1,1,3,3,1,2,1,2
828,4,8,0,9,5,1,3,2,3,1,2,3,6,2,2,2,3,2,1,1,2
829,1,6,2,1,5,5,5,3,3,1,4,4,7,3,3,1,3,1,1,1,2
830,2,8,3,9,1,5,3,4,3,1,4,4,8,3,3,1,3,2,2,1,1
831,4,4,3,9,5,3,3,4,3,1,2,3,4,3,2,2,3,2,2,1,1
832,1,8,2,0,6,1,2,4,2,1,3,3,3,3,1,1,3,1,2,1,2
833,1,5,0,9,6,1,5,2,3,1,4,3,9,3,1,2,3,1,1,1,2
834,2,4,2,3,4,5,5,2,2,1,4,3,2,3,2,1,3,1,2,1,1
835,3,5,2,3,7,1,2,2,2,1,3,1,5,3,2,1,2,1,1,1,2
836,1,2,0,0,2,1,3,4,3,1,4,3,8,1,2,2,3,1,1,1,2
837,4,2,2,3,6,5,3,4,2,1,2,3,1,3,2,1,3,1,1,1,1
838,4,4,2,2,1,1,2,1,2,1,3,1,3,3,1,1,2,2,1,1,1
839,1,4,4,1,7,1,5,4,3,1,4,2,3,3,2,2,3,1,2,1,1
840,4,4,4,3,1,1,5,4,4,2,3,1,6,3,2,2,3,1,1,1,1
841,1,6,2,2,9,1,4,4,3,1,2,2,9,3,2,1,3,1,1,1,2
842,4,1,3,1,3,1,3,3,3,1,2,1,8,2,2,2,2,1,1,1,1
843,4,8,2,5,3,1,2,4,2,1,4,1,3,3,2,1,3,1,1,1,2
844,4,4,1,9,9,1,4,4,3,1,4,3,0,1,2,1,3,1,2,1,1
845,4,8,2,2,2,1,5,4,3,1,4,2,7,1,2,3,3,2,2,1,1
846,2,1,2,2,6,5,4,2,3,1,3,3,5,3,2,1,3,1,2,1,1
847,4,8,2,0,1,5,3,2,3,1,4,3,8,3,1,2,3,1,1,1,2
848,4,4,2,0,9,1,2,4,4,1,2,1,8,3,2,1,3,1,1,1,1
849,1,9,2,3,4,1,4,3,3,1,4,1,9,3,2,1,3,1,1,1,1
850,1,2,2,3,9,1,5,4,3,1,4,1,7,2,2,1,2,1,1,1,2
851,1,0,4,0,5,1,3,4,4,3,2,2,3,1,1,2,3,1,1,2,2
852,4,4,4,1,2,5,4,3,3,1,4,2,3,3,2,2,3,1,2,1,1
853,4,5,4,3,1,1,3,4,3,1,4,4,5,3,3,2,3,1,2,1,1
854,1,8,1,0,2,1,4,4,3,1,4,4,2,3,3,2,2,2,1,1,2
855,4,6,3,0,5,1,5,2,3,1,2,3,5,3,2,2,3,2,2,1,1
856,4,4,2,0,4,2,2,4,4,1,3,1,3,3,2,1,3,1,2,1,1
857,4,0,2,8,4,5,4,4,2,1,3,2,0,3,2,1,3,1,2,1,1
858,4,5,4,2,3,1,3,4,3,1,2,4,8,3,3,1,3,1,2,1,1
859,1,5,2,0,9,1,3,3,2,1,2,2,9,3,2,1,3,1,2,1,2
860,4,9,2,0,7,2,3,1,3,3,2,1,6,3,1,1,3,2,1,2,1
861,4,4,4,1,4,4,3,4,3,1,2,1,7,3,2,2,3,1,1,1,1
862,4,8,3,9,9,1,3,4,4,1,2,3,8,3,2,1,3,1,2,1,2
863,1,4,2,3,9,1,2,4,2,1,4,1,5,3,2,1,3,1,2,1,2
864,4,7,4,2,6,4,2,4,3,1,2,1,2,2,2,2,2,2,2,1,1
865,4,0,2,2,0,1,3,2,3,1,2,1,5,1,1,1,2,1,1,1,2
866,4,5,2,2,1,3,3,2,2,1,4,3,0,3,1,1,3,1,1,1,1
867,1,8,2,3,9,1,2,4,2,1,1,3,7,2,2,1,3,1,1,1,1
868,4,2,4,2,1,1,5,2,3,1,4,2,2,2,2,1,3,1,1,1,1
869,4,6,2,9,9,5,5,3,3,1,2,2,7,3,2,2,3,1,1,1,1
870,1,2,2,2,2,1,5,4,2,1,4,2,4,3,1,1,3,1,1,1,1
871,4,6,3,2,8,3,4,2,2,1,4,3,0,3,2,2,3,1,2,1,1
872,3,6,4,0,3,1,5,1,3,1,4,1,6,3,2,2,3,2,1,2,1
873,1,4,4,9,2,2,4,4,3,1,1,1,6,3,2,2,3,1,2,1,1
874,4,5,2,4,4,5,2,4,2,1,1,1,4,3,2,1,3,1,1,1,1
875,1,2,2,2,0,1,3,2,3,2,2,2,9,3,2,1,2,2,1,1,1
876,2,1,4,0,2,4,3,4,2,1,4,3,0,3,2,2,3,1,1,1,1
877,1,8,1,3,0,1,2,3,3,2,4,4,6,1,3,1,4,1,2,1,1
878,4,6,2,3,5,1,5,4,3,1,2,3,8,3,2,1,3,1,1,1,1
879,1,9,2,0,2,1,2,3,3,1,2,4,7,3,3,1,4,1,2,1,2
880,4,0,4,3,2,5,4,2,3,1,3,2,6,3,2,2,3,1,1,1,1
881,4,4,2,1,4,1,4,3,3,1,3,3,8,3,2,1,4,1,2,1,1
882,4,4,2,1,7,5,3,2,1,1,4,4,8,3,3,1,3,1,2,1,1
883,2,0,4,0,1,5,5,4,3,1,4,1,6,3,2,2,3,1,1,1,1
884,4,8,4,3,8,1,1,4,2,1,4,3,5,3,2,2,1,1,1,1,1
885,2,4,2,2,7,1,4,3,1,1,3,3,3,3,2,1,3,1,2,1,2
886,1,2,2,6,5,1,2,4,2,1,4,2,3,3,2,1,3,1,1,1,2
887,2,4,4,9,5,5,4,4,3,1,3,4,4,3,2,2,3,2,2,1,1
888,2,8,2,9,2,1,3,2,3,1,2,3,3,3,2,1,3,1,2,1,2
889,4,6,4,0,4,1,5,4,3,1,4,3,4,3,2,2,4,1,2,1,1
890,4,8,1,1,4,5,2,3,3,3,4,1,0,1,1,2,3,2,2,1,1
891,1,7,4,9,2,1,5,4,3,1,4,3,3,2,2,4,4,2,2,1,1
892,4,5,4,3,9,1,5,4,3,1,4,3,6,3,2,2,3,1,2,1,1
893,1,2,4,0,1,1,3,4,3,1,4,2,8,1,2,2,2,1,1,2,1
894,2,6,4,1,0,1,3,3,3,1,4,3,4,3,2,2,3,1,2,1,1
895,4,8,4,3,9,5,3,4,3,1,3,2,9,3,2,2,3,1,2,1,1
896,4,6,3,1,7,5,4,3,3,1,2,3,1,2,2,1,4,2,2,1,1
897,1,1,2,3,6,1,2,4,2,1,4,2,8,3,1,1,4,1,2,1,1
898,4,2,4,2,2,4,4,3,2,1,2,2,5,3,2,1,3,1,1,2,1
899,4,5,2,2,6,5,4,1,2,1,4,1,3,1,1,1,2,1,1,1,1
900,1,8,2,2,3,1,3,2,3,2,3,3,2,3,2,1,3,1,1,1,2
901,1,6,4,0,5,1,5,2,3,3,4,2,3,1,1,1,3,1,2,1,2
902,4,0,4,0,5,5,2,2,1,1,4,1,4,3,2,2,3,1,2,1,1
903,4,6,4,1,7,5,5,2,3,1,4,4,2,3,3,2,3,1,1,1,1
904,4,5,2,3,6,5,3,4,4,1,2,1,0,3,1,1,3,1,2,1,1
905,4,4,2,3,8,1,5,4,3,1,1,1,6,3,2,1,4,1,2,1,1
906,1,2,2,3,7,1,3,2,3,1,2,1,0,3,1,1,4,2,2,1,1
907,1,1,2,0,3,5,4,2,3,2,2,1,4,3,2,1,2,1,1,2,1
908,2,6,2,6,1,5,3,2,4,1,2,3,7,3,2,1,3,1,1,1,1
909,4,5,3,1,4,1,2,1,2,1,2,2,6,3,2,2,2,1,1,1,1
910,2,9,2,0,5,5,3,1,2,1,2,1,3,3,2,1,2,1,1,1,1
911,4,6,3,3,4,1,3,4,2,1,4,1,4,3,2,2,3,1,1,1,1
912,2,4,4,2,6,1,2,2,2,1,4,3,5,1,2,1,2,1,1,1,2
913,2,0,2,3,1,5,5,2,2,1,4,3,5,3,2,1,3,1,1,1,1
914,4,1,2,9,2,4,5,1,1,1,2,1,8,3,2,1,3,1,2,1,1
915,1,4,1,9,1,1,3,4,3,1,2,2,1,3,1,1,3,1,2,1,2
916,2,8,0,0,4,1,3,1,2,1,2,2,2,1,2,1,4,1,2,2,2
917,4,0,2,1,8,2,3,1,3,2,2,1,2,3,2,1,3,2,1,1,1
918,1,6,2,0,6,1,5,1,3,1,4,4,8,1,2,1,4,1,2,1,2
919,1,4,2,2,9,2,1,1,1,1,1,2,3,3,2,1,3,1,1,1,2
920,1,4,2,2,5,1,5,4,3,1,2,2,9,3,1,1,4,1,2,1,2
921,4,8,4,2,7,1,3,4,2,1,2,4,8,3,2,2,3,1,1,1,1
922,4,8,3,3,9,3,4,4,3,1,1,3,7,3,2,1,4,1,2,1,1
923,1,9,2,3,6,1,2,3,2,1,4,2,2,3,1,1,3,1,1,1,2
924,2,2,2,0,2,1,4,3,3,1,4,2,0,3,1,1,3,2,2,1,1
925,1,4,1,2,2,1,2,2,1,1,1,2,5,1,2,1,3,1,2,1,2
926,1,2,1,0,7,1,2,4,3,1,2,3,6,1,2,2,3,1,2,1,2
927,1,8,4,2,9,1,2,4,2,1,4,2,1,3,1,1,3,1,1,1,1
928,1,8,2,1,7,1,4,4,3,1,4,4,9,2,3,3,3,2,2,1,2
929,4,0,2,3,7,5,5,4,3,1,4,3,8,3,2,1,3,1,2,1,1
930,1,2,3,0,4,1,3,4,3,1,2,1,3,3,2,2,2,2,1,1,1
931,1,4,2,2,7,1,2,4,3,2,1,2,4,3,2,1,2,1,1,2,1
932,2,9,2,3,0,1,2,4,2,1,2,3,2,3,2,1,3,1,2,1,2
933,4,9,4,0,4,1,3,3,3,1,1,1,0,3,2,2,3,1,1,1,1
934,4,2,4,3,2,3,5,4,3,1,4,2,2,3,2,2,3,2,2,1,1
935,1,2,2,3,8,1,3,4,2,1,1,3,3,1,2,1,3,1,1,1,1
936,2,0,3,3,9,2,2,4,3,1,3,4,0,2,2,2,4,1,1,1,2
937,3,9,2,3,5,1,3,3,2,1,2,1,8,3,2,1,2,1,1,1,2
938,2,6,2,3,3,1,2,4,4,1,3,3,0,3,1,1,4,1,2,1,1
939,2,0,2,6,8,1,3,4,3,1,4,4,2,3,3,1,3,1,1,1,2
940,4,4,4,1,2,5,3,2,3,1,4,2,6,3,2,2,4,2,2,1,1
941,4,2,2,0,7,5,2,2,3,1,3,2,5,3,2,1,4,2,2,1,1
942,4,0,2,0,6,1,3,3,3,1,2,1,1,3,2,1,2,2,1,2,1
943,4,4,2,2,9,5,4,4,3,1,2,3,1,2,2,1,3,1,2,1,1
944,4,4,4,0,5,1,4,2,3,1,1,1,2,3,2,3,2,2,1,1,1
945,1,5,2,2,5,1,2,4,2,3,1,2,6,3,1,1,3,1,1,1,1
946,2,8,0,0,8,3,2,1,2,1,1,3,0,3,2,2,3,1,1,1,1
947,1,4,1,2,9,3,2,4,3,1,4,4,0,3,3,1,3,2,2,1,2
948,4,2,2,0,9,5,1,4,3,1,4,4,8,3,2,1,4,1,2,1,1
949,4,8,2,2,3,1,2,4,4,2,1,2,3,3,2,1,2,2,1,1,2
950,4,4,2,3,1,2,5,2,3,1,4,3,1,3,2,2,3,1,1,1,2
951,2,8,4,9,0,1,1,3,4,1,3,3,0,3,2,3,1,2,2,1,1
952,1,6,3,9,5,1,4,2,3,1,1,3,4,3,2,2,3,1,2,1,2
953,2,4,2,1,3,3,2,3,2,1,4,3,8,3,1,1,3,1,1,1,2
954,4,6,2,2,4,1,1,4,2,1,2,3,6,3,2,2,4,1,2,1,2
955,1,2,2,0,3,1,3,4,2,3,4,2,9,3,2,1,3,1,2,1,1
956,1,4,4,3,1,4,5,4,2,1,4,2,7,3,1,2,4,1,2,1,1
957,3,0,4,3,6,5,5,4,3,1,4,2,9,2,2,2,2,1,1,1,1
958,2,9,4,3,4,1,5,2,3,1,4,1,7,3,2,3,2,1,1,1,1
959,1,8,2,0,6,1,3,3,3,1,2,3,5,3,2,1,2,1,1,1,2
960,2,4,2,2,9,2,5,4,3,1,4,4,0,3,3,1,3,1,1,1,1
961,4,6,4,3,0,1,5,2,4,1,2,1,0,3,1,2,3,1,1,1,1
962,2,1,3,0,3,1,3,1,1,1,4,2,7,3,2,2,3,1,1,1,1
963,4,5,2,0,6,5,3,3,3,1,2,4,9,3,2,1,3,1,1,1,1
964,4,4,2,3,7,3,5,3,3,1,2,3,5,1,2,2,3,1,2,1,2
965,2,6,2,5,4,1,2,3,4,1,1,2,2,3,2,1,2,1,1,1,1
966,2,0,2,3,5,5,3,4,2,1,1,3,6,3,2,1,3,1,1,1,1
967,2,7,4,3,0,3,3,4,3,1,2,2,3,3,2,2,2,1,1,1,2
968,4,5,2,3,8,1,5,4,2,1,2,3,4,1,1,1,4,1,2,1,1
969,4,2,2,3,6,5,4,2,4,1,4,2,9,3,1,1,3,1,2,1,1
970,1,1,4,0,9,1,3,1,3,1,2,1,0,3,2,2,2,2,1,1,1
971,2,5,2,5,4,2,3,4,3,3,2,1,2,3,2,1,3,1,1,1,1
972,4,4,2,0,3,1,3,1,3,1,4,2,3,3,2,1,2,2,1,1,1
973,1,4,1,0,3,1,1,1,2,2,4,4,9,3,1,2,1,1,1,1,2
974,1,0,2,9,7,1,5,4,3,2,4,4,6,3,1,1,3,1,1,1,2
975,4,0,4,3,1,1,3,4,2,1,2,3,3,3,2,1,3,1,2,1,1
976,3,4,2,3,8,3,3,3,2,1,3,3,7,3,2,1,2,1,1,1,1
977,2,6,2,3,3,1,3,2,2,3,3,1,4,3,2,1,3,1,1,1,1
978,2,8,3,9,7,5,5,4,3,1,2,2,2,3,2,2,3,1,1,1,1
979,4,4,3,0,8,1,5,4,3,1,4,3,7,3,2,2,2,2,1,1,2
980,2,5,1,0,4,2,3,2,4,1,2,2,5,3,1,1,3,1,1,1,2
981,2,0,4,2,6,1,4,2,3,1,2,2,9,3,2,1,3,1,1,1,2
982,4,8,2,9,4,1,1,3,3,1,2,3,3,1,1,1,4,1,2,1,2
983,3,1,2,0,3,2,3,1,2,1,1,3,8,1,2,1,4,1,2,1,1
984,1,6,2,1,9,1,3,2,3,1,2,2,6,3,2,1,3,2,1,1,2
985,4,4,4,2,8,1,4,2,3,1,2,2,0,3,2,2,2,1,1,1,1
986,1,5,4,2,3,1,3,4,2,1,3,2,5,3,1,2,3,1,1,1,1
987,3,2,0,9,9,1,2,2,1,1,1,2,3,3,2,2,3,1,1,1,1
988,4,3,2,3,9,2,1,2,2,1,4,1,4,3,2,1,3,1,1,1,1
989,1,4,2,1,9,1,1,4,3,1,2,4,9,3,3,1,4,1,2,1,1
990,2,4,4,3,3,1,5,4,3,1,2,2,8,3,2,2,2,1,1,1,1
991,4,2,4,6,5,5,2,2,3,1,1,2,7,3,2,2,2,2,1,1,1
992,4,5,1,3,9,2,5,4,3,1,4,3,4,1,2,1,2,2,1,1,1
993,1,8,2,3,6,5,4,2,4,1,4,3,3,3,1,2,2,1,1,1,1
994,1,6,2,2,9,1,1,4,3,1,3,2,0,3,2,1,4,1,2,1,1
995,4,2,2,0,0,5,5,4,3,1,3,3,0,3,2,1,3,1,2,1,1
996,4,2,2,2,6,1,4,3,2,1,4,1,1,3,2,1,2,1,1,1,1
997,1,0,2,1,7,1,3,4,1,1,4,2,0,3,2,1,4,1,2,1,1
998,4,2,2,3,4,1,5,4,3,1,4,3,8,3,2,1,3,1,1,1,1
999,1,5,2,3,5,1,3,4,3,1,4,4,3,3,3,1,3,1,2,1,2
1000,2,5,4,1,6,2,1,3,3,1,4,3,7,3,2,1,3,1,1,1,1
